"LotArea","GrLivArea","TotalBsmtSF","YearBuilt","GarageCars","SalePrice","Neighborhood","BldgType","HouseStyle","ExterQual","CentralAir","MSZoning"
8450,1710,856,2003,2,208500,"CollgCr","1Fam","2Story","Gd","Y","RL"
9600,1262,1262,1976,2,181500,"Veenker","1Fam","1Story","TA","Y","RL"
11250,1786,920,2001,2,223500,"CollgCr","1Fam","2Story","Gd","Y","RL"
9550,1717,756,1915,3,140000,"Crawfor","1Fam","2Story","TA","Y","RL"
14260,2198,1145,2000,3,250000,"NoRidge","1Fam","2Story","Gd","Y","RL"
14115,1362,796,1993,2,143000,"Mitchel","1Fam","1.5Fin","TA","Y","RL"
10084,1694,1686,2004,2,307000,"Somerst","1Fam","1Story","Gd","Y","RL"
10382,2090,1107,1973,2,200000,"NWAmes","1Fam","2Story","TA","Y","RL"
6120,1774,952,1931,2,129900,"OldTown","1Fam","1.5Fin","TA","Y","RM"
7420,1077,991,1939,1,118000,"BrkSide","2fmCon","1.5Unf","TA","Y","RL"
11200,1040,1040,1965,1,129500,"Sawyer","1Fam","1Story","TA","Y","RL"
11924,2324,1175,2005,3,345000,"NridgHt","1Fam","2Story","Ex","Y","RL"
12968,912,912,1962,1,144000,"Sawyer","1Fam","1Story","TA","Y","RL"
10652,1494,1494,2006,3,279500,"CollgCr","1Fam","1Story","Gd","Y","RL"
10920,1253,1253,1960,1,157000,"NAmes","1Fam","1Story","TA","Y","RL"
6120,854,832,1929,2,132000,"BrkSide","1Fam","1.5Unf","TA","Y","RM"
11241,1004,1004,1970,2,149000,"NAmes","1Fam","1Story","TA","Y","RL"
10791,1296,0,1967,2,90000,"Sawyer","Duplex","1Story","TA","Y","RL"
13695,1114,1114,2004,2,159000,"SawyerW","1Fam","1Story","TA","Y","RL"
7560,1339,1029,1958,1,139000,"NAmes","1Fam","1Story","TA","Y","RL"
14215,2376,1158,2005,3,325300,"NridgHt","1Fam","2Story","Gd","Y","RL"
7449,1108,637,1930,1,139400,"IDOTRR","1Fam","1.5Unf","TA","Y","RM"
9742,1795,1777,2002,2,230000,"CollgCr","1Fam","1Story","Gd","Y","RL"
4224,1060,1040,1976,2,129900,"MeadowV","TwnhsE","1Story","TA","Y","RM"
8246,1060,1060,1968,1,154000,"Sawyer","1Fam","1Story","TA","Y","RL"
14230,1600,1566,2007,3,256300,"NridgHt","1Fam","1Story","Gd","Y","RL"
7200,900,900,1951,2,134800,"NAmes","1Fam","1Story","TA","Y","RL"
11478,1704,1704,2007,3,306000,"NridgHt","1Fam","1Story","Gd","Y","RL"
16321,1600,1484,1957,1,207500,"NAmes","1Fam","1Story","TA","Y","RL"
6324,520,520,1927,1,68500,"BrkSide","1Fam","1Story","TA","N","RM"
8500,1317,649,1920,1,40000,"IDOTRR","1Fam","2Story","TA","N","C (all)"
8544,1228,1228,1966,1,149350,"Sawyer","1Fam","1Story","TA","Y","RL"
11049,1234,1234,2007,2,179900,"CollgCr","1Fam","1Story","Gd","Y","RL"
10552,1700,1398,1959,2,165500,"NAmes","1Fam","1Story","TA","Y","RL"
7313,1561,1561,2005,2,277500,"NridgHt","TwnhsE","1Story","Ex","Y","RL"
13418,2452,1117,2004,3,309000,"NridgHt","1Fam","2Story","Gd","Y","RL"
10859,1097,1097,1994,2,145000,"CollgCr","1Fam","1Story","TA","Y","RL"
8532,1297,1297,1954,2,153000,"NAmes","1Fam","1Story","TA","Y","RL"
7922,1057,1057,1953,1,109000,"NAmes","1Fam","1Story","TA","Y","RL"
6040,1152,0,1955,0,82000,"Edwards","Duplex","1Story","TA","N","RL"
8658,1324,1088,1965,2,160000,"NAmes","1Fam","1Story","TA","Y","RL"
16905,1328,1350,1959,1,170000,"Timber","1Fam","1Story","TA","Y","RL"
9180,884,840,1983,2,144000,"SawyerW","1Fam","SFoyer","TA","Y","RL"
9200,938,938,1975,1,130250,"CollgCr","1Fam","1Story","TA","Y","RL"
7945,1150,1150,1959,1,141000,"NAmes","1Fam","1Story","TA","Y","RL"
7658,1752,1752,2005,2,319900,"NridgHt","TwnhsE","1Story","Ex","Y","RL"
12822,2149,1434,2003,2,239686,"Mitchel","1Fam","1.5Fin","Gd","Y","RL"
11096,1656,1656,2006,3,249700,"Somerst","1Fam","1Story","Gd","Y","FV"
4456,1452,736,1920,0,113000,"OldTown","2fmCon","2Story","TA","Y","RM"
7742,955,955,1966,1,127000,"Sawyer","1Fam","1Story","TA","Y","RL"
13869,1470,794,1997,2,177000,"Gilbert","1Fam","2Story","TA","Y","RL"
6240,1176,816,1934,2,114500,"BrkSide","1Fam","1.5Fin","TA","Y","RM"
8472,816,816,1963,2,110000,"IDOTRR","Duplex","1Story","Fa","N","RM"
50271,1842,1842,1981,3,385000,"Veenker","1Fam","1Story","Gd","Y","RL"
7134,1360,384,1955,2,130000,"NAmes","1Fam","SLvl","TA","Y","RL"
10175,1425,1425,1964,2,180500,"NAmes","1Fam","1Story","TA","Y","RL"
2645,1739,970,1999,2,172500,"Somerst","Twnhs","2Story","Gd","Y","FV"
11645,1720,860,2004,2,196500,"CollgCr","1Fam","2Story","Gd","Y","RL"
13682,2945,1410,2006,3,438780,"StoneBr","1Fam","2Story","Ex","Y","RL"
7200,780,780,1972,1,124900,"CollgCr","1Fam","1Story","TA","Y","RL"
13072,1158,1158,2004,2,158000,"SawyerW","1Fam","1Story","TA","Y","RL"
7200,1111,530,1920,1,101000,"IDOTRR","1Fam","2.5Unf","TA","N","RM"
6442,1370,1370,2006,2,202500,"NridgHt","TwnhsE","1Story","Gd","Y","RL"
10300,1710,576,1921,2,140000,"OldTown","1Fam","2Story","TA","Y","RM"
9375,2034,1057,1997,2,219500,"CollgCr","1Fam","2Story","TA","Y","RL"
9591,2473,1143,2004,3,317000,"NridgHt","1Fam","2Story","Gd","Y","RL"
19900,2207,1947,1970,2,180000,"NAmes","1Fam","1Story","TA","Y","RL"
10665,1479,1453,2003,2,226000,"CollgCr","1Fam","1Story","Gd","Y","RL"
4608,747,747,1945,1,80000,"OldTown","1Fam","1Story","TA","Y","RM"
15593,2287,1304,1953,2,225000,"ClearCr","1Fam","1.5Fin","Gd","Y","RL"
13651,2223,2223,1973,2,244000,"NAmes","1Fam","1Story","TA","Y","RL"
7599,845,845,1982,2,129500,"Mitchel","1Fam","1Story","TA","Y","RL"
10141,1718,832,1998,2,185000,"Gilbert","1Fam","2Story","TA","Y","RL"
10200,1086,1086,1954,2,144900,"NAmes","1Fam","1Story","TA","Y","RL"
5790,1605,840,1915,1,107400,"OldTown","1Fam","2Story","Gd","N","RM"
1596,988,462,1973,1,91000,"MeadowV","Twnhs","SLvl","TA","Y","RM"
8475,952,952,1956,1,135750,"NAmes","1Fam","1Story","TA","Y","RL"
8635,1285,672,1948,1,127000,"BrkSide","1Fam","1.5Fin","TA","Y","RM"
10778,1768,1768,1968,0,136500,"Sawyer","Duplex","1Story","TA","N","RL"
10440,1230,440,1910,2,110000,"OldTown","1Fam","2Story","TA","Y","RM"
13000,2142,896,1968,1,193500,"NAmes","1Fam","2Story","TA","Y","RL"
4500,1337,1237,1998,2,153500,"Mitchel","TwnhsE","1Story","TA","Y","RM"
10206,1563,1563,2007,3,245000,"Somerst","1Fam","1Story","TA","Y","RL"
8892,1065,1065,1960,2,126500,"NAmes","1Fam","1Story","TA","Y","RL"
8530,1474,384,1995,2,168500,"Gilbert","1Fam","SLvl","TA","Y","RL"
16059,2417,1288,1991,2,260000,"NoRidge","1Fam","2Story","Gd","Y","RL"
11911,1560,684,2005,2,174000,"Gilbert","1Fam","2Story","Gd","Y","RL"
3951,1224,612,2009,2,164500,"Somerst","TwnhsE","2Story","Gd","Y","FV"
8470,1526,1013,1915,0,85000,"IDOTRR","1Fam","1.5Fin","Fa","N","C (all)"
8070,990,990,1994,0,123600,"CollgCr","1Fam","1Story","TA","Y","RL"
7200,1040,0,1950,2,109900,"NAmes","1Fam","1Story","TA","Y","RL"
8500,1235,1235,1961,2,98600,"NAmes","1Fam","1Story","TA","Y","RL"
13360,964,876,1921,2,163500,"Crawfor","1Fam","1Story","TA","Y","RL"
7200,2291,1214,1910,2,133900,"OldTown","2fmCon","2.5Unf","TA","N","C (all)"
9337,1786,824,1997,2,204750,"CollgCr","1Fam","2Story","TA","Y","RL"
9765,1470,680,1993,2,185000,"Gilbert","1Fam","2Story","Ex","Y","RL"
10264,1588,1588,1999,2,214000,"CollgCr","1Fam","1Story","Gd","Y","RL"
10921,960,960,1965,1,94750,"Edwards","1Fam","1Story","TA","Y","RL"
10625,835,458,1920,1,83000,"Edwards","1Fam","1Story","TA","N","RL"
9320,1225,950,1959,0,128950,"NAmes","1Fam","1Story","TA","Y","RL"
10603,1610,1610,1977,2,205000,"NWAmes","1Fam","1Story","TA","Y","RL"
9206,1732,741,1985,2,178000,"SawyerW","1Fam","2Story","Gd","Y","RL"
7018,1535,0,1979,2,118964,"SawyerW","Duplex","1Story","TA","Y","RL"
10402,1226,1226,2009,3,198900,"CollgCr","1Fam","1Story","TA","Y","RL"
7758,1818,1040,1931,1,169500,"IDOTRR","1Fam","1.5Fin","TA","Y","RM"
9375,1992,1053,2003,2,250000,"Somerst","1Fam","2Story","Gd","Y","FV"
10800,1047,641,1885,1,100000,"OldTown","1Fam","1Story","TA","Y","RM"
6000,789,789,1948,1,115000,"OldTown","1Fam","1Story","TA","Y","RM"
8500,1517,793,1919,0,115000,"IDOTRR","1Fam","1.5Fin","TA","N","RM"
11751,1844,1844,1977,2,190000,"NWAmes","1Fam","1Story","TA","Y","RL"
9525,1855,994,1954,1,136900,"Edwards","1Fam","1.5Fin","TA","Y","RL"
7750,1430,384,2000,2,180000,"Gilbert","1Fam","SLvl","TA","Y","RL"
9965,2696,1264,2007,3,383970,"CollgCr","1Fam","2Story","Gd","Y","RL"
21000,2259,1809,1953,2,217000,"Crawfor","1Fam","1Story","TA","Y","RL"
7259,2320,1028,1945,1,259500,"Crawfor","1Fam","2Story","TA","Y","RL"
3230,1458,729,1999,2,176000,"Somerst","TwnhsE","2Story","TA","Y","FV"
11616,1092,1092,1962,1,139000,"Sawyer","1Fam","1Story","TA","Y","RL"
8536,1125,1125,2006,2,155000,"Edwards","1Fam","1Story","TA","Y","RL"
12376,3222,1673,1990,3,320000,"SawyerW","1Fam","2Story","TA","Y","RL"
8461,1456,728,2005,2,163990,"CollgCr","1Fam","2Story","Gd","Y","RL"
21453,988,938,1969,2,180000,"ClearCr","1Fam","SLvl","TA","Y","RL"
6060,1123,732,1939,1,100000,"IDOTRR","1Fam","1.5Fin","TA","Y","RM"
9464,1080,1080,1958,1,136000,"NAmes","1Fam","1Story","TA","Y","RL"
7892,1199,1199,1993,2,153900,"SawyerW","TwnhsE","1Story","Gd","Y","RL"
17043,1586,1362,1979,2,181000,"NWAmes","1Fam","1Story","TA","Y","RL"
6780,754,520,1935,0,84500,"IDOTRR","2fmCon","1.5Fin","TA","N","RM"
4928,958,1078,1976,2,128000,"NPkVill","TwnhsE","1Story","TA","Y","RL"
4388,840,672,1930,0,87000,"OldTown","1Fam","1.5Unf","TA","Y","RM"
7590,1348,660,1966,2,155000,"NAmes","1Fam","2Story","TA","Y","RL"
8973,1053,1008,1958,2,150000,"NAmes","1Fam","1Story","TA","Y","RL"
14200,2157,924,1966,2,226000,"NAmes","1Fam","2Story","TA","Y","RL"
12224,2054,992,2000,2,244000,"Gilbert","1Fam","2Story","Gd","Y","RL"
7388,1327,1063,1959,2,150750,"NAmes","1Fam","1Story","TA","Y","RL"
6853,1296,1267,2001,2,220000,"Timber","1Fam","1Story","Gd","Y","RL"
10335,1721,1461,1968,2,180000,"Sawyer","1Fam","1Story","TA","Y","RL"
10400,1682,1304,1970,2,174000,"NWAmes","1Fam","1Story","TA","Y","RL"
10355,1214,1214,1967,1,143000,"NAmes","1Fam","1Story","TA","Y","RL"
11070,1959,1907,1988,3,171000,"Mitchel","Duplex","1Story","TA","Y","RL"
9066,1852,1004,1999,3,230000,"CollgCr","1Fam","2Story","Gd","Y","RL"
15426,1764,928,1997,2,231500,"CollgCr","1Fam","2Story","TA","Y","RL"
10500,864,864,1971,0,115000,"NAmes","1Fam","1Story","TA","Y","RL"
11645,1734,1734,2005,2,260000,"CollgCr","1Fam","1Story","Gd","Y","RL"
8520,1385,910,1952,2,166000,"NAmes","1Fam","1.5Fin","TA","Y","RL"
10335,1501,1490,1999,2,204000,"CollgCr","1Fam","1Story","Gd","Y","RL"
9100,1728,1728,1963,2,125000,"Sawyer","Duplex","1Story","TA","Y","RM"
2522,1709,970,2004,2,130000,"Edwards","Twnhs","2Story","Gd","Y","RM"
6120,875,715,1931,1,105000,"BrkSide","1Fam","1Story","TA","Y","RM"
9505,2035,884,2001,2,222500,"Gilbert","1Fam","2Story","Gd","Y","RL"
7500,1080,1080,2004,0,141000,"SawyerW","1Fam","1Story","TA","Y","RL"
6240,1344,896,1936,1,115000,"BrkSide","1Fam","1.5Fin","TA","Y","RM"
10356,969,969,1975,2,122000,"CollgCr","1Fam","1Story","TA","Y","RL"
13891,1710,1710,2007,3,372402,"NridgHt","1Fam","1Story","Gd","Y","RL"
14803,1993,825,1971,2,190000,"NWAmes","1Fam","2Story","TA","Y","RL"
13500,1252,1602,1960,2,235000,"ClearCr","1Fam","1Story","TA","Y","RL"
11340,1200,1200,1923,1,125000,"OldTown","1Fam","1Story","TA","Y","RM"
9600,1096,572,1924,0,79000,"Edwards","1Fam","1.5Fin","TA","N","RL"
7200,1040,0,1950,2,109500,"NAmes","1Fam","1Story","TA","Y","RL"
12003,1968,774,2009,3,269500,"Timber","1Fam","2Story","Gd","Y","RL"
12552,1947,991,2004,2,254900,"Somerst","1Fam","2Story","Gd","Y","FV"
19378,2462,1392,2005,2,320000,"Gilbert","1Fam","2Story","Gd","Y","RL"
11120,1232,1232,1984,2,162500,"Veenker","1Fam","1Story","TA","Y","RL"
13688,2668,1572,2003,3,412500,"NridgHt","1Fam","2Story","Gd","Y","RL"
12182,1541,1541,2005,2,220000,"NridgHt","1Fam","1Story","Gd","Y","RL"
5500,882,882,1956,0,103200,"OldTown","1Fam","1.5Unf","TA","Y","RL"
5400,1616,1149,1926,1,152000,"OldTown","1Fam","1Story","TA","Y","RM"
10106,1355,644,1940,0,127500,"Edwards","2fmCon","1.5Fin","TA","Y","RL"
10708,1867,1617,1955,1,190000,"ClearCr","1Fam","1Story","Gd","Y","RL"
10562,2161,1582,2007,3,325624,"NridgHt","1Fam","2Story","Gd","Y","RL"
8244,1720,840,2004,2,183500,"Gilbert","1Fam","2Story","Gd","Y","RL"
16669,1707,1686,1981,2,228000,"Timber","1Fam","1Story","Gd","Y","RL"
12358,1382,720,1941,2,128500,"OldTown","1Fam","1.5Fin","TA","Y","RM"
31770,1656,1080,1960,2,215000,"NAmes","1Fam","1Story","TA","Y","RL"
5306,1767,1064,1987,2,239000,"StoneBr","TwnhsE","2Story","Gd","Y","RL"
10197,1362,1362,1961,2,163000,"NAmes","1Fam","1Story","TA","Y","RL"
12416,1651,1606,1986,2,184000,"Timber","1Fam","1Story","TA","Y","RL"
12615,2158,1202,1950,2,243000,"Edwards","1Fam","1Story","TA","Y","RL"
10029,2060,1151,1988,2,211000,"ClearCr","1Fam","2Story","Gd","Y","RL"
13650,1920,1052,1958,2,172500,"Sawyer","1Fam","1.5Fin","Gd","Y","RL"
17423,2234,2216,2008,3,501837,"StoneBr","1Fam","1Story","Ex","Y","RL"
8520,968,968,1923,2,100000,"OldTown","1Fam","1Story","Gd","Y","RM"
2117,1525,756,2000,2,177000,"Somerst","Twnhs","2Story","Gd","Y","FV"
7588,1802,793,1920,1,200100,"Crawfor","1Fam","2Story","TA","Y","RL"
9060,1340,0,1957,1,120000,"Edwards","1Fam","1Story","TA","Y","RL"
11426,2082,1362,2003,2,200000,"OldTown","1Fam","1.5Fin","TA","Y","RM"
7438,1252,504,1908,2,127000,"BrkSide","1Fam","1.5Fin","TA","Y","RL"
22950,3608,1107,1892,3,475000,"OldTown","1Fam","2.5Fin","Gd","Y","RM"
9947,1217,1188,1990,2,173000,"Mitchel","1Fam","SLvl","TA","Y","RL"
10410,1656,660,1916,1,135000,"OldTown","1Fam","1.5Fin","TA","Y","RL"
7018,1224,1086,1979,2,153337,"SawyerW","Duplex","SFoyer","TA","Y","RL"
4923,1593,1593,2001,2,286000,"StoneBr","TwnhsE","1Story","Gd","Y","RL"
10570,2727,853,1932,2,315000,"Crawfor","1Fam","2Story","Gd","Y","RL"
7472,1479,725,1972,2,184000,"NAmes","1Fam","2Story","TA","Y","RL"
9017,1431,1431,1999,2,192000,"CollgCr","1Fam","1Story","Gd","Y","RL"
2522,1709,970,2004,2,130000,"Edwards","Twnhs","2Story","Gd","Y","RM"
7180,864,864,1972,1,127000,"CollgCr","1Fam","1Story","TA","Y","RL"
2280,1456,855,1976,2,148500,"NPkVill","Twnhs","2Story","TA","Y","RL"
9416,1726,1726,2007,3,311872,"Somerst","1Fam","1Story","Ex","Y","RL"
25419,3112,1360,1918,2,235000,"NAmes","1Fam","2Story","Gd","Y","RL"
5520,2229,755,1912,0,104000,"OldTown","1Fam","2.5Fin","TA","Y","RM"
9591,1713,1713,2004,3,274900,"NridgHt","1Fam","1Story","Gd","Y","RL"
8546,1121,1121,2003,2,140000,"Edwards","1Fam","1Story","TA","Y","RM"
10125,1279,1196,1977,2,171500,"Mitchel","1Fam","1Story","TA","Y","RL"
7000,1310,617,1924,1,112000,"OldTown","1Fam","1.5Fin","TA","Y","RL"
4438,848,848,2004,2,149000,"CollgCr","TwnhsE","1Story","Gd","Y","RM"
3500,1284,720,1947,1,110000,"OldTown","1Fam","1.5Fin","TA","Y","RM"
11851,1442,1424,1990,2,180500,"Gilbert","1Fam","1Story","TA","Y","RL"
13673,1696,1140,1962,1,143900,"Sawyer","1Fam","1Story","TA","Y","RL"
12493,1100,1100,1960,1,141000,"NAmes","1Fam","1Story","TA","Y","RL"
14364,2062,1157,1988,2,277000,"SawyerW","1Fam","2Story","Gd","Y","RL"
8250,1092,1092,1964,2,145000,"NAmes","1Fam","1Story","TA","Y","RL"
5604,864,864,1925,0,98000,"Edwards","1Fam","1Story","TA","N","RL"
10420,1212,1212,2009,2,186000,"Edwards","1Fam","1Story","TA","Y","RL"
8640,1852,900,2009,2,252678,"Somerst","1Fam","2Story","TA","Y","FV"
13568,990,990,1995,2,156000,"CollgCr","1Fam","1Story","TA","Y","RL"
10900,1392,689,1977,1,161750,"CollgCr","1Fam","2Story","TA","Y","RL"
10011,1236,1070,1957,1,134450,"NAmes","1Fam","1Story","TA","Y","RL"
8450,1436,1436,2004,2,210000,"CollgCr","1Fam","1Story","Gd","Y","RL"
9906,1328,686,1925,1,107000,"OldTown","1Fam","2Story","TA","N","RM"
15660,1954,798,1939,2,311500,"Crawfor","1Fam","1.5Fin","Gd","Y","RL"
3010,1248,1248,2005,2,167240,"Blmngtn","TwnhsE","1Story","Gd","Y","RL"
8990,1498,1498,2006,2,204900,"CollgCr","1Fam","1Story","Gd","Y","RL"
8068,2267,1010,2002,2,200000,"Gilbert","1Fam","2Story","Gd","Y","RL"
11475,1552,713,1975,2,179900,"NWAmes","1Fam","2Story","TA","Y","RL"
10500,864,864,1971,2,97000,"NAmes","1Fam","1Story","TA","Y","RL"
13472,2392,2392,2003,3,386250,"NridgHt","1Fam","1Story","Ex","Y","RL"
1680,1302,630,1971,1,112000,"BrDale","Twnhs","2Story","TA","Y","RM"
9950,2520,1203,1995,3,290000,"NoRidge","1Fam","2Story","Gd","Y","RL"
1869,987,483,1970,1,106000,"BrDale","Twnhs","2Story","TA","Y","RM"
8521,912,912,1967,1,125000,"Sawyer","1Fam","1Story","TA","Y","RL"
3182,1555,1373,2005,2,192500,"Blmngtn","TwnhsE","1Story","Gd","Y","RL"
8760,1194,1194,1959,1,148000,"NAmes","1Fam","1Story","TA","Y","RL"
15138,2794,1462,1995,3,403000,"NoRidge","1Fam","2Story","Gd","Y","RL"
1680,987,483,1972,1,94500,"BrDale","Twnhs","2Story","TA","Y","RM"
10650,894,894,1976,1,128200,"CollgCr","1Fam","1Story","TA","Y","RL"
7851,1960,860,2002,2,216500,"Gilbert","1Fam","2Story","Gd","Y","RL"
1680,987,483,1971,1,89500,"BrDale","TwnhsE","2Story","TA","Y","RM"
8773,1414,1414,2004,2,185500,"CollgCr","1Fam","1Story","Gd","Y","RL"
9453,1744,996,1993,2,194500,"SawyerW","1Fam","2Story","Gd","Y","RL"
12030,1694,1694,2007,3,318000,"NridgHt","1Fam","1Story","Ex","Y","RL"
8741,1487,735,1945,1,113000,"Edwards","1Fam","1.5Fin","TA","Y","RL"
9000,1566,1566,2008,2,262500,"Somerst","1Fam","1Story","Gd","Y","FV"
3880,866,686,1945,0,110500,"OldTown","1Fam","1Story","TA","Y","RM"
5000,1440,540,1900,1,79000,"OldTown","1Fam","1.5Fin","TA","N","RM"
10762,1217,626,1980,1,120000,"SawyerW","TwnhsE","2Story","TA","Y","RL"
8880,2110,948,1994,2,205000,"SawyerW","1Fam","2Story","Gd","Y","RL"
10400,1872,1845,1988,2,241500,"NWAmes","1Fam","1Story","TA","Y","RL"
9142,1928,1020,1910,1,137000,"OldTown","2fmCon","2Story","TA","N","RM"
11310,1375,1367,1954,2,140000,"NAmes","1Fam","1Story","TA","Y","RL"
11317,1668,840,2003,2,180000,"CollgCr","1Fam","2Story","Gd","Y","RL"
159000,2144,1444,1958,2,277000,"ClearCr","1Fam","1.5Fin","Gd","Y","RL"
5350,1306,728,1940,0,76500,"BrkSide","1Fam","1Story","TA","Y","RL"
4750,1625,1573,2006,2,235000,"Crawfor","TwnhsE","1Story","Gd","Y","RM"
8366,1640,798,2004,2,173000,"SawyerW","1Fam","2Story","Gd","Y","RL"
9350,1302,1302,1964,1,158000,"NAmes","1Fam","SLvl","TA","Y","RL"
8400,1314,1314,1957,1,145000,"NAmes","1Fam","1Story","TA","Y","RL"
8738,2291,975,1999,2,230000,"Gilbert","1Fam","2Story","Gd","Y","RL"
8791,1728,864,2003,2,207500,"Somerst","1Fam","2Story","Gd","Y","FV"
8814,1604,1604,2006,2,220000,"CollgCr","1Fam","1Story","Gd","Y","RL"
12435,1792,963,2001,2,231500,"CollgCr","1Fam","2Story","Gd","Y","RL"
12702,882,0,1956,1,97000,"OldTown","1Fam","1Story","TA","Y","RM"
19296,1382,1362,1962,2,176000,"NAmes","1Fam","SLvl","TA","Y","RL"
9588,2574,1482,2007,3,276000,"CollgCr","1Fam","2Story","Gd","Y","RL"
8471,1212,506,1977,2,151000,"Sawyer","1Fam","SLvl","TA","Y","RL"
5500,1316,926,1929,2,130000,"OldTown","1Fam","1.5Fin","TA","Y","RM"
5232,764,680,1925,2,73000,"OldTown","1Fam","1Story","TA","N","RM"
12090,1422,1422,1981,2,175500,"NWAmes","1Fam","1Story","TA","Y","RL"
11207,1511,802,1997,2,185000,"Gilbert","1Fam","2Story","TA","Y","RL"
8400,2192,720,1939,1,179500,"SWISU","1Fam","2.5Fin","TA","Y","RL"
6900,778,740,1940,1,120500,"IDOTRR","1Fam","1Story","TA","Y","RM"
7917,1113,1143,1976,1,148000,"Edwards","1Fam","1Story","TA","Y","RL"
10728,1939,1095,2006,3,266000,"Somerst","1Fam","2Story","Gd","Y","FV"
39104,1363,1385,1954,2,241500,"ClearCr","1Fam","1Story","TA","Y","RL"
11764,2270,1152,1999,3,290000,"NoRidge","1Fam","2Story","Gd","Y","RL"
9600,1632,1240,1958,1,139000,"NAmes","1Fam","1Story","TA","Y","RL"
8314,816,816,1982,1,124500,"Mitchel","1Fam","1Story","TA","Y","RL"
7264,1548,952,1925,2,205000,"BrkSide","1Fam","1.5Fin","Gd","N","RL"
9196,1560,1560,2003,2,201000,"Mitchel","1Fam","1Story","Gd","Y","RL"
19138,864,864,1951,2,141000,"Gilbert","1Fam","1Story","TA","Y","RL"
14450,2121,2121,2006,3,415298,"NridgHt","1Fam","1Story","Ex","Y","RL"
10005,2022,1160,1977,2,192000,"ClearCr","1Fam","2Story","TA","Y","RL"
11287,1982,807,1989,2,228500,"SawyerW","1Fam","2Story","Gd","Y","RL"
7200,1262,1262,2006,2,185000,"Somerst","1Fam","1Story","Gd","Y","FV"
5063,1314,1314,2007,2,207500,"NridgHt","Twnhs","1Story","Gd","Y","RL"
9612,1468,1468,2008,3,244600,"Somerst","1Fam","1Story","Gd","Y","RL"
8012,1575,1575,1992,2,179200,"SawyerW","TwnhsE","1Story","Gd","Y","RL"
4251,1250,625,2006,2,164700,"Somerst","TwnhsE","2Story","Gd","Y","FV"
9786,1734,912,1962,2,159000,"NAmes","1Fam","1.5Fin","TA","Y","RL"
8125,858,858,1971,0,88000,"NAmes","1Fam","1Story","TA","Y","RL"
9819,900,882,1967,1,122000,"Sawyer","1Fam","1Story","TA","Y","RL"
8730,1396,698,1915,1,153575,"BrkSide","1Fam","2Story","TA","Y","RL"
15611,1919,1079,2006,2,233230,"CollgCr","1Fam","2Story","Gd","Y","RL"
5687,1716,780,1912,0,135900,"SWISU","2fmCon","2Story","TA","N","RL"
11409,1716,768,1949,1,131000,"Edwards","1Fam","1.5Fin","TA","Y","RL"
16659,2263,795,1977,2,235000,"NWAmes","1Fam","2Story","TA","Y","RL"
9600,1644,1416,1953,2,167000,"NAmes","1Fam","1Story","TA","Y","RL"
7937,1003,1003,1984,2,142500,"Mitchel","1Fam","SLvl","TA","Y","RL"
13710,1558,910,1950,1,152000,"IDOTRR","1Fam","1.5Fin","TA","Y","RM"
7399,1950,975,1997,2,239000,"Somerst","1Fam","2Story","Gd","Y","FV"
11700,1743,702,1968,2,175000,"NWAmes","1Fam","2Story","Gd","Y","RL"
14000,1152,1092,1950,1,158500,"Crawfor","1Fam","1Story","TA","Y","RL"
15750,1336,1165,1953,1,157000,"Crawfor","2fmCon","1Story","TA","Y","RL"
16226,2452,1028,1998,2,267000,"CollgCr","1Fam","2Story","Gd","Y","RL"
13704,1541,1541,2001,3,205000,"CollgCr","1Fam","1Story","Gd","Y","RL"
9800,894,894,1972,2,149900,"CollgCr","1Fam","1Story","TA","Y","RL"
18386,3493,1470,1880,3,295000,"OldTown","1Fam","2.5Fin","TA","Y","RM"
10386,2000,2000,2004,3,305900,"CollgCr","1Fam","1Story","Gd","Y","RL"
13474,2243,700,1990,3,225000,"SawyerW","1Fam","2Story","Gd","Y","RL"
7920,1406,319,1920,0,89500,"IDOTRR","1Fam","1.5Fin","TA","Y","RM"
12342,861,861,1940,2,82500,"Edwards","1Fam","1Story","TA","Y","RL"
12378,1944,1896,2003,3,360000,"NridgHt","1Fam","1Story","Gd","Y","RL"
7685,1501,697,1993,2,165600,"Gilbert","1Fam","2Story","TA","Y","RL"
8000,972,972,1948,1,132000,"NAmes","1Fam","1Story","TA","Y","RL"
7800,1118,793,1939,2,119900,"OldTown","2fmCon","1.5Fin","TA","Y","RM"
215245,2036,2136,1965,2,375000,"Timber","1Fam","1Story","TA","Y","RL"
9600,1641,728,1925,2,178000,"OldTown","1Fam","2Story","TA","Y","RM"
7795,1432,716,2004,2,188500,"Gilbert","1Fam","2Story","Gd","Y","RL"
13005,2353,845,1980,2,260000,"NWAmes","1Fam","2Story","Gd","Y","RL"
9000,1959,1088,2006,3,270000,"Somerst","1Fam","2Story","Gd","Y","FV"
9900,2646,1347,1993,3,260000,"NoRidge","1Fam","2Story","Gd","Y","RL"
14115,1472,1372,1980,2,187500,"NWAmes","1Fam","SLvl","TA","Y","RL"
16259,2596,1249,2006,3,342643,"NridgHt","1Fam","2Story","TA","Y","RL"
12099,2468,1136,2004,3,354000,"NridgHt","1Fam","2Story","Gd","Y","RL"
10380,2730,1502,1986,2,301000,"SawyerW","1Fam","2Story","Gd","Y","RL"
5820,1163,1162,1955,1,126175,"OldTown","1Fam","1Story","TA","Y","RM"
11275,2978,710,1967,2,242000,"NAmes","1Fam","SLvl","Gd","Y","RL"
5000,803,720,1941,2,87000,"IDOTRR","1Fam","1.5Unf","TA","N","RM"
10846,1719,1719,1993,2,324000,"Veenker","TwnhsE","1Story","Gd","Y","RL"
11600,1383,1383,1960,1,145250,"NAmes","1Fam","1Story","TA","Y","RL"
11888,2134,844,1916,2,214500,"BrkSide","1Fam","2.5Unf","TA","N","RL"
6402,1192,596,1920,1,78000,"IDOTRR","1Fam","2Story","TA","N","RM"
10624,1728,1728,1964,1,119000,"NAmes","Duplex","1Story","TA","Y","RL"
8176,1056,1056,1958,1,139000,"NAmes","1Fam","1Story","TA","Y","RL"
10655,1629,3206,2003,3,284000,"NridgHt","1Fam","1Story","Gd","Y","RL"
8198,1358,1358,2004,2,207000,"NridgHt","TwnhsE","1Story","Gd","Y","RM"
9042,1638,943,1998,2,192000,"Gilbert","1Fam","2Story","TA","Y","RL"
164660,1786,1499,1965,2,228950,"Timber","2fmCon","1.5Fin","TA","Y","RL"
14157,1922,1922,2005,3,377426,"StoneBr","1Fam","1Story","Gd","Y","RL"
9135,1536,1536,2002,2,214000,"CollgCr","1Fam","1Story","Gd","Y","RL"
14145,1621,1208,1984,2,202500,"NWAmes","1Fam","1Story","Gd","Y","RL"
12400,1215,1215,1958,1,155000,"NAmes","1Fam","1Story","TA","Y","RL"
14191,1908,967,2002,2,202900,"Timber","1Fam","2Story","Gd","Y","RL"
8400,841,721,1950,1,82000,"SawyerW","1Fam","1Story","Fa","Y","RH"
8544,1040,0,1949,2,87500,"NAmes","Duplex","1Story","TA","N","RL"
8849,1684,1684,2005,2,266000,"NridgHt","TwnhsE","1Story","Ex","Y","RL"
2592,1112,536,1976,1,85000,"MeadowV","TwnhsE","2Story","TA","Y","RM"
6435,1577,972,1939,1,140200,"BrkSide","1Fam","1.5Fin","TA","Y","RL"
12772,958,958,1960,1,151500,"NAmes","1Fam","1Story","TA","Y","RL"
17600,1478,1478,1960,2,157500,"NAmes","1Fam","1Story","TA","Y","RL"
2448,1626,764,2003,2,154000,"NridgHt","Twnhs","2Story","Gd","Y","RL"
20431,2728,1848,2005,3,437154,"NridgHt","1Fam","2Story","Ex","Y","RL"
7820,1869,1869,2007,2,318061,"NridgHt","TwnhsE","1Story","Ex","Y","RL"
5271,1453,1453,1986,2,190000,"ClearCr","1Fam","1Story","TA","Y","RL"
9084,1111,616,1941,1,95000,"Edwards","1Fam","1.5Fin","TA","N","RL"
8520,720,624,1928,2,105900,"OldTown","1Fam","1Story","TA","Y","RM"
8400,1595,940,1940,1,140000,"SWISU","1Fam","1.5Fin","TA","Y","RL"
11249,1200,1200,1995,2,177500,"CollgCr","1Fam","1Story","Gd","Y","RL"
9248,1167,1158,1992,2,173000,"Gilbert","1Fam","1Story","TA","Y","RL"
4224,1142,1142,1976,2,134000,"MeadowV","TwnhsE","1Story","TA","Y","RM"
6930,1352,1062,1958,1,130000,"ClearCr","1Fam","SLvl","TA","Y","RL"
12011,1924,1086,1998,2,280000,"NoRidge","1Fam","2Story","Gd","Y","RL"
7540,912,888,1978,2,156000,"Mitchel","1Fam","SFoyer","TA","Y","RL"
9144,1505,883,1940,1,145000,"BrkSide","1Fam","1.5Fin","TA","Y","RL"
7301,1922,0,2003,2,198500,"Edwards","1Fam","SFoyer","Gd","Y","RL"
1680,987,483,1972,1,118000,"BrDale","Twnhs","2Story","TA","Y","RM"
18800,1574,796,1976,2,190000,"NWAmes","1Fam","2Story","TA","Y","RL"
10690,1344,672,1920,1,147000,"IDOTRR","1Fam","2Story","TA","Y","RM"
9500,1394,1394,1963,2,159000,"NAmes","1Fam","1Story","TA","Y","RL"
9150,1431,1099,1962,1,165000,"NAmes","1Fam","SLvl","TA","Y","RL"
7800,1268,1268,1954,1,132000,"NAmes","1Fam","1Story","TA","Y","RL"
9830,1287,1063,1959,2,162000,"NAmes","1Fam","1Story","TA","Y","RL"
8121,1664,953,2000,2,172400,"Gilbert","1Fam","2Story","TA","Y","RL"
17120,1588,0,1959,2,134432,"ClearCr","1Fam","1.5Fin","TA","Y","RL"
7175,752,744,1984,1,125000,"SawyerW","TwnhsE","1Story","TA","Y","RL"
10634,1319,608,1953,1,123000,"NAmes","1Fam","1Story","TA","Y","RL"
8200,1928,847,2003,2,219500,"CollgCr","1Fam","2Story","Gd","Y","RL"
10020,904,683,1922,0,61000,"Edwards","1Fam","1Story","Fa","N","RL"
8846,914,870,1996,2,148000,"CollgCr","1Fam","SFoyer","Gd","Y","RL"
11143,2466,1580,2004,2,340000,"Somerst","1Fam","2Story","Gd","Y","FV"
11394,1856,1856,2010,3,394432,"StoneBr","1Fam","1Story","Gd","Y","RL"
8123,1800,982,2000,2,179000,"Gilbert","1Fam","2Story","TA","Y","RL"
5000,1691,1026,1924,1,127000,"SWISU","1Fam","1.5Fin","TA","Y","RL"
7200,1301,1293,2006,2,187750,"Somerst","1Fam","1Story","Gd","Y","FV"
9245,1797,939,2006,2,213500,"CollgCr","1Fam","2Story","Gd","Y","RL"
9000,784,784,1928,2,76000,"SawyerW","1Fam","1.5Unf","TA","N","RH"
53107,1953,1580,1992,2,240000,"ClearCr","1Fam","2Story","Gd","Y","RL"
3182,1269,1256,2004,2,192000,"Blmngtn","TwnhsE","1Story","Gd","Y","RL"
8410,1184,658,1910,0,81000,"Edwards","1Fam","1.5Fin","TA","Y","RL"
7200,1125,1041,1976,1,125000,"Edwards","1Fam","SLvl","TA","Y","RL"
9382,1479,1468,1999,2,191000,"CollgCr","1Fam","1Story","Gd","Y","RL"
12474,2332,1682,2007,3,426000,"NridgHt","1Fam","2Story","Ex","Y","RL"
8405,1367,861,1900,1,119000,"Edwards","1Fam","1.5Fin","TA","Y","RL"
12209,1961,804,2001,2,215000,"Mitchel","1Fam","2Story","TA","Y","RL"
8339,882,0,1959,1,106500,"NAmes","1Fam","1Story","TA","Y","RL"
7446,788,788,1941,0,100000,"BrkSide","1Fam","1Story","TA","Y","RL"
10134,1034,735,1940,1,109000,"OldTown","1Fam","1.5Fin","TA","Y","RL"
9571,1144,1144,1956,1,129000,"Edwards","1Fam","1Story","TA","Y","RL"
7200,894,894,1972,2,123000,"CollgCr","1Fam","1Story","TA","Y","RL"
7590,1812,864,1962,1,169500,"NAmes","1Fam","2Story","TA","Y","RL"
8967,1077,961,1920,1,67000,"IDOTRR","1Fam","1Story","TA","Y","RM"
8125,1550,1092,2006,2,241000,"Somerst","1Fam","2Story","Gd","Y","FV"
14963,1288,1260,1996,2,245500,"Veenker","TwnhsE","1Story","Gd","Y","RL"
8767,1310,1310,2005,2,164990,"CollgCr","1Fam","1Story","Gd","Y","RL"
10200,672,672,1940,1,108000,"Sawyer","1Fam","1Story","TA","Y","RL"
12090,2263,1141,1998,2,258000,"NoRidge","1Fam","2Story","Gd","Y","RL"
10364,1572,806,1995,2,168000,"Gilbert","1Fam","2Story","TA","Y","RL"
9991,1620,1281,1976,2,150000,"Sawyer","1Fam","1Story","TA","Y","RL"
10480,1639,1064,1936,1,115000,"SWISU","1Fam","1.5Fin","TA","Y","RL"
15576,1680,840,1915,1,177000,"Crawfor","1Fam","2Story","TA","Y","RL"
14154,2172,1063,2006,3,280000,"NridgHt","1Fam","2Story","Gd","Y","RL"
10800,2078,1034,2007,3,339750,"Somerst","1Fam","2Story","Gd","Y","FV"
9571,1276,1276,1958,1,60000,"Edwards","1Fam","1Story","TA","Y","RL"
34650,1056,1056,1955,2,145000,"Gilbert","2fmCon","1Story","TA","N","RL"
4403,1478,1470,2009,2,222000,"Somerst","1Fam","1Story","Ex","Y","FV"
8960,1028,1008,1927,2,115000,"OldTown","1Fam","1Story","TA","Y","RM"
11228,2097,1080,1993,3,228000,"SawyerW","1Fam","2Story","Gd","Y","RL"
8899,1340,1340,2007,2,181134,"Gilbert","1Fam","1Story","Gd","Y","RL"
7844,1400,672,1978,2,149500,"Sawyer","1Fam","2Story","TA","Y","RL"
22420,2624,1370,1918,3,239000,"Crawfor","1Fam","2Story","TA","N","RL"
8160,1134,756,1940,1,126000,"Edwards","1Fam","1.5Fin","TA","N","RL"
8450,1056,1056,1968,1,142000,"NAmes","1Fam","1Story","TA","Y","RL"
7060,1344,1344,1997,4,206300,"Mitchel","Duplex","SFoyer","TA","Y","RM"
16635,1602,1602,1977,2,215000,"NWAmes","1Fam","1Story","Gd","Y","RL"
21750,988,988,1954,2,113000,"Mitchel","1Fam","1Story","TA","Y","RL"
9200,2630,1470,1998,3,315000,"NoRidge","1Fam","2Story","Gd","Y","RL"
9000,1196,1196,1956,1,139000,"NAmes","1Fam","1Story","TA","Y","RL"
3378,1389,651,1946,1,135000,"OldTown","1Fam","2Story","TA","Y","RM"
12800,1644,1518,1989,2,275000,"SawyerW","1Fam","SLvl","Gd","Y","RL"
8593,907,907,1957,1,109008,"NAmes","1Fam","1Story","TA","Y","RL"
6762,1208,1208,2007,2,195400,"CollgCr","1Fam","1Story","Gd","Y","RL"
11457,1412,1392,1988,2,175000,"Timber","1Fam","1Story","TA","Y","RL"
1680,987,483,1971,1,85400,"BrDale","Twnhs","2Story","TA","Y","RM"
5586,1198,901,1920,0,79900,"OldTown","1Fam","1.5Fin","TA","Y","RM"
1920,1365,765,1971,2,122500,"BrDale","TwnhsE","2Story","TA","Y","RM"
10839,1604,926,1997,2,181000,"Gilbert","1Fam","2Story","TA","Y","RL"
1890,630,630,1972,0,81000,"MeadowV","Twnhs","SFoyer","TA","Y","RM"
10667,1661,799,1996,2,212000,"CollgCr","1Fam","2Story","Gd","Y","RL"
4400,1118,648,1920,2,116000,"OldTown","1Fam","1.5Fin","TA","Y","RM"
6000,904,884,1926,1,119000,"BrkSide","1Fam","1.5Unf","Gd","Y","RM"
4280,694,440,1913,1,90350,"Crawfor","1Fam","1Story","TA","N","RL"
12354,1196,684,1920,2,110000,"Edwards","1Fam","1.5Fin","TA","Y","RL"
15431,2402,3094,2008,3,555000,"NridgHt","1Fam","1Story","Ex","Y","RL"
12108,1440,1440,1955,0,118000,"Edwards","Duplex","1Story","TA","N","RL"
6240,1573,1078,1930,2,162900,"BrkSide","1Fam","1.5Fin","TA","Y","RM"
3922,1258,1258,2006,3,172500,"Blmngtn","TwnhsE","1Story","Gd","Y","RL"
8750,1908,915,1994,2,210000,"CollgCr","1Fam","2Story","Gd","Y","RL"
9855,1689,1436,1956,2,127500,"Edwards","1Fam","1Story","TA","Y","RL"
16492,1888,1517,1966,2,190000,"NAmes","1Fam","1Story","Gd","Y","RL"
11214,1886,930,1998,2,199900,"Gilbert","1Fam","2Story","Gd","Y","RL"
8600,1376,780,1937,1,119500,"IDOTRR","1Fam","1.5Fin","TA","Y","RM"
6000,1183,649,1948,1,120000,"OldTown","1Fam","1.5Fin","TA","Y","RM"
5684,813,813,1930,1,110000,"OldTown","1Fam","1Story","TA","Y","RM"
70761,1533,1533,1975,2,280000,"ClearCr","1Fam","1Story","TA","Y","RL"
9303,1756,872,1996,2,204000,"Timber","1Fam","2Story","Gd","Y","RL"
9000,1590,768,2008,2,210000,"Somerst","1Fam","2Story","Gd","Y","FV"
9297,1728,1728,1976,2,188000,"Mitchel","Duplex","1Story","TA","Y","RL"
9600,1242,1242,1973,2,175500,"NWAmes","1Fam","1Story","TA","Y","RL"
4571,1344,624,1916,3,98000,"OldTown","1Fam","2Story","TA","N","RM"
53227,1663,1364,1954,2,256000,"ClearCr","1Fam","1Story","TA","Y","RL"
5100,1666,588,1925,1,161000,"OldTown","1Fam","2Story","TA","Y","RM"
7015,1203,709,1950,1,110000,"BrkSide","1Fam","1.5Fin","TA","Y","RL"
8004,1935,832,2009,2,263435,"Somerst","1Fam","2Story","Gd","Y","FV"
7200,1135,560,1936,2,155000,"SWISU","1Fam","2Story","Gd","Y","RL"
8281,864,864,1965,1,62383,"Sawyer","1Fam","1Story","TA","Y","RL"
11988,1660,715,1934,1,188700,"Crawfor","1Fam","2Story","TA","Y","RL"
8430,1040,1040,1978,0,124000,"CollgCr","1Fam","1Story","TA","Y","RL"
3072,1414,1375,2004,2,178740,"Blmngtn","TwnhsE","1Story","Gd","Y","RM"
10628,1277,1277,1970,2,167000,"NAmes","1Fam","1Story","TA","Y","RL"
9480,1644,728,1942,1,146500,"NAmes","1Fam","2Story","TA","Y","RL"
11428,1634,1626,2006,3,250000,"NridgHt","1Fam","1Story","Gd","Y","RL"
9291,1710,832,1993,2,187000,"SawyerW","1Fam","2Story","Gd","Y","RL"
6820,1502,1488,1985,2,212000,"StoneBr","TwnhsE","1Story","Gd","Y","RL"
11952,1969,808,1977,2,190000,"NWAmes","1Fam","2Story","TA","Y","RL"
3675,1072,547,2005,2,148000,"Edwards","TwnhsE","SLvl","TA","Y","RM"
14977,1976,1976,2006,3,440000,"NridgHt","1Fam","1Story","Gd","Y","RL"
5330,1652,1494,2000,2,251000,"StoneBr","TwnhsE","1Story","Gd","Y","RL"
8480,970,970,1963,2,132500,"Sawyer","1Fam","1Story","TA","Y","RL"
13125,1493,1478,1997,2,208900,"CollgCr","1Fam","1Story","TA","Y","RL"
13693,2643,2153,2006,3,380000,"NridgHt","1Fam","2Story","Ex","Y","RL"
10637,1718,1705,2007,3,297000,"CollgCr","1Fam","1Story","Gd","Y","RL"
5925,1131,907,1937,2,89471,"OldTown","1Fam","1Story","TA","Y","RM"
16033,1850,1833,2004,3,326000,"NridgHt","1Fam","1Story","Gd","Y","RL"
11846,1792,1792,2003,3,374000,"NridgHt","1Fam","1Story","Gd","Y","RL"
2500,1826,910,1915,1,155000,"OldTown","1Fam","2Story","Gd","Y","RM"
4500,1216,1216,1998,2,164000,"Mitchel","Twnhs","1Story","TA","Y","RM"
7758,999,999,1962,1,132500,"Sawyer","1Fam","1Story","TA","Y","RL"
9600,1113,1113,1950,1,147000,"NAmes","1Fam","1Story","Gd","Y","RL"
10289,1073,1073,1965,2,156000,"NAmes","1Fam","1Story","TA","Y","RL"
12243,1484,1484,1971,2,175000,"NWAmes","1Fam","1Story","TA","Y","RL"
10800,2414,954,1900,2,160000,"OldTown","2fmCon","1.5Fin","TA","N","RL"
1526,630,630,1970,1,86000,"MeadowV","Twnhs","SFoyer","TA","Y","RM"
2665,1304,264,1976,1,115000,"MeadowV","TwnhsE","2Story","TA","Y","RM"
9490,1578,806,1941,1,133000,"NAmes","1Fam","1.5Fin","TA","Y","RL"
15578,1456,728,2006,2,172785,"Gilbert","1Fam","2Story","Gd","Y","RL"
7931,1269,1269,1960,1,155000,"NAmes","1Fam","1Story","TA","Y","RL"
5784,886,190,1938,1,91300,"OldTown","1Fam","1Story","TA","Y","RM"
7879,720,720,1920,0,34900,"IDOTRR","1Fam","1Story","TA","N","C (all)"
12692,3228,3200,1992,2,430000,"NoRidge","1Fam","1Story","Gd","Y","RL"
9120,1820,1026,1925,1,184000,"BrkSide","1Fam","1.5Fin","TA","Y","RL"
7800,899,864,1967,1,130000,"Sawyer","1Fam","1Story","TA","Y","RL"
7535,912,912,1958,1,120000,"NAmes","1Fam","1Story","TA","Y","RL"
1890,1218,672,1973,1,113000,"BrDale","Twnhs","2Story","TA","Y","RM"
9803,1768,866,2005,2,226700,"Somerst","1Fam","2Story","Gd","Y","FV"
9170,1214,1214,1965,2,140000,"Edwards","1Fam","1Story","TA","Y","RL"
15602,1801,1501,1959,2,289000,"Crawfor","1Fam","1Story","TA","Y","RL"
2308,1322,855,1974,2,147000,"NPkVill","TwnhsE","2Story","TA","Y","RL"
7596,1960,960,1952,2,124500,"OldTown","Duplex","2Story","TA","Y","RM"
9554,1911,777,1993,2,215000,"SawyerW","1Fam","2Story","Gd","Y","RL"
7862,1218,1218,2009,2,208300,"Somerst","1Fam","1Story","Gd","Y","FV"
9600,1378,689,1928,2,161000,"OldTown","1Fam","2Story","TA","Y","RM"
9600,1041,1041,1959,1,124500,"NAmes","1Fam","1Story","TA","Y","RL"
14559,1363,1008,1951,1,164900,"NAmes","1Fam","1Story","Gd","Y","RL"
6792,1368,1368,2005,2,202665,"NridgHt","TwnhsE","1Story","Gd","Y","RL"
9100,864,864,1958,2,129900,"NAmes","1Fam","1Story","TA","Y","RL"
9187,1080,1084,1983,2,134000,"Mitchel","1Fam","1Story","TA","Y","RL"
10594,789,768,1926,1,96500,"Crawfor","1Fam","1.5Unf","TA","N","RL"
12220,2020,2006,2009,3,402861,"NridgHt","1Fam","1Story","Ex","Y","RL"
10448,2119,689,1972,2,158000,"NWAmes","1Fam","SLvl","TA","Y","RL"
10208,2344,1264,1996,3,265000,"NoRidge","1Fam","2Story","Gd","Y","RL"
9531,1796,794,1998,2,211000,"CollgCr","1Fam","2Story","TA","Y","RL"
10918,2080,1276,1926,1,234000,"Crawfor","1Fam","2Story","Gd","Y","RL"
10800,1294,0,1900,0,106250,"OldTown","2fmCon","2Story","TA","N","RL"
11988,1244,1244,1957,1,150000,"NAmes","1Fam","1Story","TA","Y","RL"
5000,1664,1004,1947,2,159000,"BrkSide","1Fam","1.5Fin","TA","Y","RM"
40094,4676,3138,2007,3,184750,"Edwards","1Fam","2Story","Ex","Y","RL"
11787,2398,1379,1996,3,315750,"NoRidge","1Fam","2Story","Gd","Y","RL"
7500,1266,1257,2005,2,176000,"Somerst","1Fam","1Story","Gd","Y","FV"
13300,928,928,1956,1,132000,"NAmes","1Fam","1Story","TA","Y","RL"
14948,2713,1452,2008,3,446261,"NridgHt","1Fam","2Story","Ex","Y","RL"
9098,605,528,1920,0,86000,"Edwards","1Fam","1Story","TA","Y","RL"
32668,2515,2035,1957,2,200624,"Crawfor","1Fam","1Story","Gd","Y","RL"
10200,1509,1461,1988,2,175000,"Timber","1Fam","SLvl","Gd","Y","RL"
6155,1362,611,1920,2,128000,"BrkSide","1Fam","2Story","TA","Y","RM"
7200,827,0,1955,1,107500,"NAmes","1Fam","1Story","TA","Y","RL"
5000,334,0,1946,0,39300,"BrkSide","1Fam","1Story","Fa","N","RL"
9056,1414,707,2004,2,178000,"Gilbert","1Fam","2Story","Gd","Y","RL"
7000,1347,1117,1910,0,107500,"Edwards","2fmCon","2Story","TA","Y","RL"
8924,1724,880,1998,2,188000,"CollgCr","1Fam","2Story","TA","Y","RL"
12735,864,864,1972,2,111250,"NAmes","1Fam","1Story","TA","Y","RL"
11553,1159,1051,1968,1,158000,"Sawyer","1Fam","1Story","TA","Y","RL"
11423,1601,1581,2001,2,272000,"CollgCr","1Fam","1Story","Gd","Y","RL"
14601,1838,1838,2006,3,315000,"Timber","1Fam","1Story","Ex","Y","RL"
11000,2285,969,2000,3,248000,"NoRidge","1Fam","2Story","Gd","Y","RL"
10140,1680,1650,1998,2,213250,"NWAmes","1Fam","1Story","Gd","Y","RL"
4058,767,723,1998,1,133000,"NAmes","TwnhsE","SFoyer","TA","Y","RH"
17104,1496,654,2006,2,179665,"Gilbert","1Fam","2Story","Gd","Y","RL"
13837,2183,1204,1988,3,229000,"NWAmes","1Fam","1.5Fin","Gd","Y","RL"
8737,1635,1065,1923,2,210000,"BrkSide","1Fam","1.5Fin","TA","Y","RL"
7244,768,768,1970,2,129500,"Mitchel","1Fam","SFoyer","TA","Y","RL"
8235,825,825,1955,2,125000,"OldTown","1Fam","1Story","TA","Y","RM"
9375,2094,912,2003,2,263000,"Somerst","1Fam","2Story","Gd","Y","FV"
4043,1069,1069,1977,2,140000,"NPkVill","TwnhsE","1Story","TA","Y","RL"
6000,928,928,1957,1,112500,"OldTown","1Fam","1Story","TA","Y","RM"
11146,1717,1709,2006,3,255500,"NridgHt","1Fam","1Story","Gd","Y","RL"
8777,1126,0,1949,2,108000,"Edwards","1Fam","1Story","TA","Y","RL"
10625,2046,998,2003,3,284000,"NridgHt","1Fam","2Story","Gd","Y","RL"
6380,1048,993,1922,1,113000,"BrkSide","1Fam","1.5Unf","TA","Y","RM"
14850,1092,1092,1957,1,141000,"NAmes","1Fam","1Story","TA","Y","RL"
11040,1336,637,1920,1,108000,"IDOTRR","1Fam","1.5Fin","TA","Y","C (all)"
21872,1446,729,1996,2,175000,"Gilbert","1Fam","2Story","TA","Y","RL"
3196,1557,1374,2003,2,234000,"Blmngtn","TwnhsE","1Story","Gd","Y","RL"
11341,1392,1392,1957,2,121500,"Sawyer","1Fam","1Story","TA","Y","RL"
10010,1389,1389,1974,2,170000,"Mitchel","1Fam","1Story","TA","Y","RL"
13907,996,996,1940,0,108000,"Edwards","1Fam","1Story","TA","Y","RL"
21780,1674,1163,1918,2,185000,"Edwards","1Fam","1.5Fin","TA","Y","RL"
13346,2295,1095,1992,2,268000,"NoRidge","1Fam","2Story","Gd","Y","RL"
6858,1647,806,1915,1,128000,"SWISU","1Fam","2Story","TA","N","RL"
11198,2504,1122,2005,3,325000,"StoneBr","1Fam","2Story","Gd","Y","RL"
10171,1535,1517,2004,2,214000,"NridgHt","1Fam","1Story","Gd","Y","RL"
12327,2132,1496,1983,2,316600,"SawyerW","1Fam","1.5Fin","Gd","Y","RL"
7032,943,943,1979,2,135960,"NAmes","Duplex","SFoyer","TA","Y","RL"
13101,1728,1728,1965,2,142600,"NAmes","Duplex","1Story","TA","Y","RL"
7332,864,864,1959,1,120000,"NAmes","1Fam","1Story","TA","Y","RL"
13159,1692,846,2009,2,224500,"Timber","1Fam","2Story","TA","Y","RL"
9967,1430,384,2000,2,170000,"Gilbert","1Fam","SLvl","TA","Y","RL"
10500,1109,372,1971,1,139000,"NAmes","1Fam","SLvl","TA","Y","RL"
8480,1216,832,1947,1,118500,"NAmes","1Fam","1.5Fin","TA","Y","RL"
6292,1477,861,1928,1,145000,"SWISU","1Fam","1.5Fin","TA","Y","RL"
11777,1320,1164,1966,2,164500,"Sawyer","1Fam","SLvl","TA","Y","RL"
3604,1392,689,2007,2,146000,"Somerst","TwnhsE","2Story","Gd","Y","FV"
12150,1795,1050,1954,1,131500,"OldTown","1Fam","1.5Fin","TA","N","RM"
14585,1429,1144,1960,2,181900,"NAmes","1Fam","1Story","TA","Y","RL"
12704,2042,2042,2008,3,253293,"NridgHt","1Fam","1Story","Ex","Y","RL"
11841,816,816,1990,0,118500,"Edwards","Duplex","SFoyer","TA","Y","RL"
13500,2775,1237,1893,2,325000,"OldTown","1Fam","2.5Unf","Ex","Y","RM"
6120,1573,884,1935,1,133000,"BrkSide","1Fam","1.5Fin","TA","Y","RM"
11443,2028,1868,2005,3,369900,"Timber","1Fam","1Story","Gd","Y","RL"
10267,838,816,1918,1,130000,"BrkSide","1Fam","1Story","TA","Y","RL"
8740,860,840,1982,2,137000,"Sawyer","1Fam","SFoyer","TA","Y","RL"
25095,1473,1437,1968,1,143000,"ClearCr","1Fam","1Story","TA","Y","RL"
9100,935,742,1930,1,79500,"BrkSide","1Fam","1Story","TA","Y","RM"
8320,1582,770,2004,2,185900,"CollgCr","1Fam","2Story","Gd","Y","RL"
13478,2296,1722,2008,3,451950,"NridgHt","1Fam","2Story","Ex","Y","RL"
6600,816,816,1982,2,138000,"Mitchel","1Fam","1Story","TA","Y","RL"
4435,848,848,2003,2,140000,"CollgCr","TwnhsE","1Story","Gd","Y","RM"
7990,924,924,1975,1,110000,"CollgCr","1Fam","1Story","TA","Y","RL"
11302,1826,1814,2005,3,319000,"StoneBr","1Fam","1Story","Gd","Y","RL"
3600,1368,684,1910,1,114504,"OldTown","1Fam","2Story","TA","N","RM"
3922,1402,1258,2006,3,194201,"Blmngtn","TwnhsE","1Story","Gd","Y","RL"
12984,1647,1430,1977,2,217500,"Crawfor","1Fam","1Story","TA","Y","RL"
1950,1556,716,1980,2,151000,"Blueste","Twnhs","2Story","TA","Y","RM"
10927,1904,1058,2005,2,275000,"NridgHt","1Fam","2Story","Gd","Y","RL"
9000,1375,780,1937,1,141000,"IDOTRR","1Fam","1.5Fin","TA","Y","RM"
10041,1915,908,1992,2,220000,"SawyerW","1Fam","2Story","Gd","Y","RL"
3182,1200,600,2004,2,151000,"Somerst","TwnhsE","2Story","Gd","Y","FV"
12803,1494,1494,2002,2,221000,"CollgCr","1Fam","1Story","Gd","Y","RL"
13600,1986,768,1965,2,205000,"NAmes","1Fam","2Story","TA","Y","RL"
12464,1040,1040,1996,2,152000,"CollgCr","1Fam","1Story","TA","Y","RL"
7800,2008,896,1948,1,225000,"Edwards","1Fam","2Story","TA","Y","RL"
12168,3194,965,1934,2,359100,"Crawfor","1Fam","2Story","TA","Y","RL"
7943,1029,1029,1961,1,118500,"Sawyer","1Fam","1Story","TA","Y","RL"
11050,2153,1440,2000,3,313000,"CollgCr","1Fam","2Story","Gd","Y","RL"
10395,1032,1032,1978,2,148000,"NWAmes","1Fam","SLvl","TA","Y","RL"
11885,1872,1299,2001,2,261500,"CollgCr","1Fam","2Story","Gd","Y","RL"
8402,1120,1120,2007,0,147000,"Mitchel","1Fam","1Story","TA","Y","RL"
1491,630,630,1972,0,75500,"MeadowV","TwnhsE","SFoyer","TA","Y","RM"
8800,1054,936,1963,2,137500,"NAmes","1Fam","SFoyer","TA","Y","RL"
7861,1509,783,2002,2,183200,"Gilbert","1Fam","2Story","Gd","Y","RL"
7227,832,832,1954,2,105500,"NAmes","1Fam","1.5Unf","TA","Y","RL"
11694,1828,1822,2007,3,314813,"NridgHt","1Fam","1Story","Ex","Y","RL"
12244,2262,1482,2003,3,305000,"Timber","1Fam","2Story","Gd","Y","RL"
8248,864,864,1914,0,67000,"Edwards","1Fam","1Story","TA","N","RL"
10800,2614,1522,1974,2,240000,"NWAmes","1Fam","2Story","TA","Y","RL"
7064,980,980,1977,2,135000,"Sawyer","1Fam","1Story","TA","Y","RL"
2117,1512,756,2000,2,168500,"Somerst","TwnhsE","2Story","Gd","Y","FV"
10400,1790,732,1972,2,165150,"NWAmes","1Fam","2Story","TA","Y","RL"
10000,1116,1116,1962,2,160000,"NAmes","1Fam","1Story","TA","Y","RL"
12342,1422,978,1960,1,139900,"NAmes","1Fam","1Story","TA","Y","RL"
9600,1520,1156,1955,1,153000,"NAmes","1Fam","SLvl","TA","Y","RL"
11606,2080,1040,1969,2,135000,"NAmes","1Fam","2Story","TA","Y","RL"
9020,1350,1248,1964,2,168500,"NAmes","1Fam","SLvl","TA","Y","RL"
9000,1750,636,1880,1,124000,"OldTown","1Fam","2Story","TA","Y","RM"
4590,1554,1554,2006,2,209500,"NridgHt","Twnhs","1Story","Gd","Y","RL"
11900,1411,1386,1977,2,82500,"NWAmes","1Fam","1Story","TA","Y","RL"
9250,1056,1056,1954,1,139400,"NAmes","1Fam","1Story","TA","Y","RL"
6979,1056,1056,1980,2,144000,"OldTown","Duplex","SFoyer","TA","Y","RL"
10896,3395,1440,1914,0,200000,"SWISU","2fmCon","2.5Fin","Fa","Y","RH"
6120,800,264,1936,0,60000,"BrkSide","1Fam","1Story","Fa","N","RM"
6000,1387,811,1954,1,93000,"OldTown","2fmCon","1.5Fin","TA","Y","RM"
8777,796,796,1910,0,85000,"Edwards","1Fam","1Story","TA","Y","RL"
3982,1567,1520,2006,3,264561,"Blmngtn","TwnhsE","1Story","Gd","Y","RL"
12677,1518,1518,2003,2,274000,"NridgHt","TwnhsE","1Story","Ex","Y","RL"
7050,1929,1057,2001,2,226000,"Somerst","1Fam","2Story","Gd","Y","FV"
13860,2704,1952,1972,2,345000,"NAmes","1Fam","SLvl","Gd","Y","RL"
10793,1620,780,1969,2,152000,"NWAmes","1Fam","2Story","TA","Y","RL"
9187,1766,1766,2009,3,370878,"Somerst","1Fam","1Story","Ex","Y","FV"
10530,981,981,1971,2,143250,"NAmes","1Fam","1Story","TA","Y","RL"
7200,1048,0,1950,2,98300,"NAmes","1Fam","1Story","TA","Y","RL"
10452,1094,1094,1953,2,155000,"Edwards","1Fam","1Story","TA","Y","RL"
7700,1839,756,1966,2,155000,"NAmes","1Fam","2Story","TA","Y","RL"
1936,630,630,1970,0,84500,"MeadowV","Twnhs","SFoyer","TA","Y","RM"
8125,1665,813,2007,2,205950,"Somerst","1Fam","2Story","Gd","Y","FV"
9084,1510,755,1940,1,108000,"Edwards","1Fam","2Story","TA","Y","RL"
8750,1716,880,1996,2,191000,"CollgCr","1Fam","2Story","Gd","Y","RL"
10320,1469,756,1906,1,135000,"IDOTRR","1Fam","1.5Fin","TA","Y","RM"
10437,2113,2109,1995,3,350000,"NoRidge","1Fam","1Story","Gd","Y","RL"
1680,1092,525,1971,1,88000,"BrDale","Twnhs","2Story","TA","Y","RM"
10007,1053,1053,1959,1,145500,"NAmes","1Fam","1Story","Gd","Y","RL"
7200,1502,776,1931,1,149000,"Crawfor","1Fam","2Story","TA","Y","RL"
17503,1458,912,1948,1,97500,"NAmes","1Fam","1.5Fin","TA","Y","RL"
9937,1486,1486,1964,2,167000,"Edwards","1Fam","1Story","TA","Y","RL"
12384,1935,793,1976,2,197900,"NWAmes","1Fam","2Story","TA","Y","RL"
46589,2448,1629,1994,3,402000,"NoRidge","1Fam","2Story","Gd","Y","RL"
13560,1392,1392,1968,2,110000,"NAmes","1Fam","1Story","TA","Y","RL"
10012,1181,1138,1972,2,137500,"Edwards","1Fam","SFoyer","TA","Y","RL"
20896,2097,2077,2005,3,423000,"Somerst","1Fam","1Story","Gd","Y","RL"
11194,1936,1406,2000,2,230500,"Gilbert","1Fam","2Story","Gd","Y","RL"
18450,2380,1021,1965,2,129000,"NAmes","1Fam","2Story","TA","Y","RL"
8125,1679,1408,1994,2,193500,"SawyerW","1Fam","1Story","TA","Y","RL"
14175,1437,1188,1956,2,168000,"Sawyer","1Fam","1Story","TA","Y","RL"
11600,1180,700,1922,1,137500,"Crawfor","1Fam","1Story","TA","Y","RL"
8633,1476,738,2005,2,173500,"CollgCr","1Fam","2Story","Gd","Y","RL"
6629,1369,672,1925,1,103600,"Edwards","1Fam","2Story","TA","N","RH"
11250,1208,1208,1977,2,165000,"Veenker","1Fam","1Story","Gd","Y","RL"
14442,1839,1477,1957,2,257500,"Crawfor","1Fam","1Story","TA","Y","RL"
9200,1136,1136,1965,1,140000,"NAmes","1Fam","1Story","TA","Y","RL"
2289,1441,855,1978,2,148500,"NPkVill","Twnhs","2Story","TA","Y","RL"
9600,1774,1095,1900,3,87000,"OldTown","1Fam","2Story","TA","N","RM"
9022,792,768,1924,1,109500,"OldTown","1Fam","1Story","Gd","Y","RL"
11844,2046,2046,2008,3,372500,"StoneBr","1Fam","1Story","Gd","Y","RL"
9945,988,988,1961,2,128500,"Sawyer","1Fam","1Story","TA","Y","RL"
8012,923,923,1980,1,143000,"SawyerW","TwnhsE","1Story","TA","Y","RL"
4500,1520,793,1932,1,159434,"SWISU","1Fam","1.5Fin","TA","Y","RH"
2887,1291,1291,1996,2,173000,"ClearCr","1Fam","1Story","TA","Y","RL"
11248,1668,1626,2002,3,285000,"CollgCr","1Fam","1Story","Gd","Y","RL"
16770,1839,1195,1998,2,221000,"NoRidge","1Fam","2Story","Gd","Y","RL"
5062,2090,1190,1984,2,207500,"StoneBr","TwnhsE","2Story","Gd","Y","RL"
10207,1761,874,2007,2,227875,"Somerst","1Fam","2Story","Gd","Y","FV"
5105,1102,551,2004,2,148800,"Somerst","TwnhsE","2Story","Gd","Y","FV"
8089,1419,1419,2007,2,392000,"StoneBr","1Fam","1Story","Gd","Y","RL"
7577,1362,1362,2005,2,194700,"NridgHt","TwnhsE","1Story","Gd","Y","RL"
4426,848,848,2004,2,141000,"CollgCr","TwnhsE","1Story","Gd","Y","RM"
21535,4316,2444,1994,3,755000,"NoRidge","1Fam","2Story","Ex","Y","RL"
26178,2519,1210,1989,2,335000,"Timber","1Fam","2Story","Gd","Y","RL"
5400,1073,1073,1921,1,108480,"OldTown","1Fam","1Story","TA","Y","RL"
6120,1539,927,1936,2,141500,"BrkSide","1Fam","1.5Fin","TA","Y","RM"
13811,1137,1112,1987,2,176000,"Timber","1Fam","1Story","TA","Y","RL"
6000,616,616,1921,1,89000,"BrkSide","1Fam","1Story","TA","Y","RM"
6420,1148,980,1952,1,123500,"Edwards","1Fam","1Story","TA","Y","RL"
8450,894,894,1965,1,138500,"Sawyer","1Fam","1Story","TA","Y","RL"
4282,1391,1391,2004,2,196000,"Somerst","TwnhsE","1Story","Gd","Y","FV"
14331,1800,1800,2002,3,312500,"Timber","1Fam","1Story","Gd","Y","RL"
9600,1164,1164,1969,2,140000,"NWAmes","1Fam","1Story","TA","Y","RL"
12438,2576,1234,2006,3,361919,"StoneBr","1Fam","2Story","Ex","Y","RL"
7630,1812,360,1900,2,140000,"OldTown","2fmCon","2Story","TA","Y","RM"
8400,1484,1473,2004,2,213000,"CollgCr","1Fam","1Story","Gd","Y","RL"
5600,1092,0,1930,0,55000,"IDOTRR","2fmCon","2Story","Fa","N","RM"
115149,1824,1643,1971,2,302000,"ClearCr","1Fam","1Story","TA","Y","RL"
6240,1324,1324,2006,2,254000,"NridgHt","TwnhsE","1Story","Gd","Y","RL"
9018,1456,728,2007,2,179540,"Gilbert","1Fam","2Story","Gd","Y","RL"
7162,904,876,1966,1,109900,"Sawyer","1Fam","1Story","TA","Y","RL"
4130,729,270,1935,0,52000,"BrkSide","1Fam","1Story","Gd","Y","RL"
8712,1178,859,1900,1,102776,"IDOTRR","1Fam","1.5Fin","TA","Y","C (all)"
4671,1228,1228,1988,2,189000,"StoneBr","TwnhsE","1Story","Gd","Y","RL"
9873,960,960,1970,2,129000,"BrkSide","2fmCon","1Story","TA","N","RL"
13517,1479,725,1976,2,130500,"Sawyer","1Fam","2Story","Gd","Y","RL"
10140,1350,1064,1974,2,165000,"NWAmes","1Fam","1Story","TA","Y","RL"
10800,2554,718,1890,2,159500,"OldTown","1Fam","2Story","TA","Y","RM"
10000,1178,1176,1973,2,157000,"NWAmes","1Fam","1Story","TA","Y","RL"
10542,2418,1311,1993,3,341000,"NoRidge","1Fam","2Story","Gd","Y","RL"
9920,971,971,1969,1,128500,"CollgCr","1Fam","1Story","TA","Y","RL"
6563,1742,1742,1985,2,275000,"StoneBr","1Fam","1Story","Gd","Y","RL"
4426,848,848,2004,2,143000,"CollgCr","TwnhsE","1Story","Gd","Y","RM"
8120,864,864,1970,2,124500,"NAmes","1Fam","1Story","TA","Y","RL"
8172,1470,941,1954,1,135000,"Edwards","1Fam","1.5Fin","TA","Y","RL"
13286,1698,1698,2007,3,320000,"Edwards","1Fam","1Story","Ex","Y","RL"
6960,864,864,1970,2,120500,"NAmes","1Fam","1Story","TA","Y","RL"
21695,1680,880,1988,2,222000,"Crawfor","1Fam","1Story","Gd","Y","RL"
7314,1232,1232,2007,2,194500,"CollgCr","1Fam","1Story","Gd","Y","RL"
11475,1776,1584,1958,3,110000,"NAmes","Duplex","1Story","TA","Y","RL"
6240,1208,780,1925,2,103000,"IDOTRR","1Fam","1.5Fin","TA","Y","RM"
5389,1616,1595,1995,2,236500,"StoneBr","TwnhsE","1Story","Gd","Y","RL"
9590,1146,868,2003,2,187500,"Timber","1Fam","SLvl","Gd","Y","RL"
11404,2031,1153,1998,2,222500,"CollgCr","1Fam","2Story","Gd","Y","RL"
10000,1144,864,1961,1,131400,"Sawyer","1Fam","1Story","TA","Y","RL"
8978,948,948,1968,1,108000,"Sawyer","1Fam","1Story","TA","Y","RL"
10800,1768,880,1914,2,163000,"OldTown","1Fam","2.5Unf","TA","N","RM"
8544,1040,0,1950,2,93500,"NAmes","Duplex","1Story","TA","N","RL"
10463,1801,893,2005,3,239900,"Gilbert","1Fam","2Story","Gd","Y","RL"
10800,1200,1200,1987,0,179000,"Edwards","Duplex","1Story","TA","Y","RL"
9313,1728,864,2004,2,190000,"CollgCr","1Fam","2Story","Gd","Y","RL"
9600,1432,264,1910,2,132000,"OldTown","1Fam","2Story","TA","Y","RM"
6768,912,912,1961,1,142000,"Sawyer","1Fam","1Story","TA","Y","RL"
8450,1349,1349,2000,2,179000,"SawyerW","1Fam","1Story","TA","Y","RL"
12886,1464,520,1963,2,175000,"Sawyer","1Fam","SLvl","TA","Y","RL"
5395,1337,1337,1993,2,180000,"StoneBr","TwnhsE","1Story","Gd","Y","RL"
8963,2715,1142,1976,2,299800,"NWAmes","1Fam","2Story","Ex","Y","RL"
8795,2256,952,2000,2,236000,"Gilbert","1Fam","2Story","Gd","Y","RL"
11700,2640,1240,1880,4,265979,"OldTown","1Fam","2Story","Gd","N","RM"
10593,1720,1720,1996,2,260400,"NoRidge","1Fam","1Story","Gd","Y","RL"
8405,1529,0,1945,1,98000,"Edwards","1Fam","1.5Fin","TA","N","RL"
8800,1140,576,1910,0,96500,"OldTown","1Fam","1.5Fin","TA","Y","RM"
7750,1320,660,2003,2,162000,"Gilbert","1Fam","2Story","Gd","Y","RL"
9236,1494,1479,1997,2,217000,"CollgCr","1Fam","1Story","TA","Y","RL"
10240,2098,1030,2005,3,275500,"NridgHt","1Fam","2Story","Gd","Y","RL"
7930,1026,1026,1969,2,156000,"NAmes","1Fam","1Story","TA","Y","RL"
3230,1471,729,1999,2,172500,"Somerst","TwnhsE","2Story","TA","Y","FV"
10769,1768,866,2007,2,212000,"CollgCr","1Fam","2Story","Gd","Y","RL"
11616,1386,672,1978,2,158900,"Sawyer","1Fam","2Story","TA","Y","RL"
2280,1501,744,1999,2,179400,"Somerst","Twnhs","2Story","TA","Y","FV"
12257,2531,1318,1995,3,290000,"NoRidge","1Fam","2Story","Gd","Y","RL"
9100,864,864,1959,1,127500,"NAmes","1Fam","1Story","TA","Y","RL"
6911,1301,1145,1924,2,100000,"BrkSide","1Fam","1Story","TA","Y","RM"
8640,1547,756,2009,2,215200,"Somerst","1Fam","2Story","TA","Y","FV"
9430,2365,1252,1999,3,337000,"NoRidge","1Fam","2Story","Gd","Y","RL"
9549,1494,1494,1995,2,270000,"Veenker","TwnhsE","1Story","Gd","Y","RL"
14587,1506,1498,2008,2,264132,"Somerst","1Fam","1Story","Gd","Y","RL"
10421,1714,980,1988,2,196500,"NWAmes","1Fam","2Story","TA","Y","RL"
12508,1750,983,1940,1,160000,"Mitchel","1Fam","1.5Fin","TA","Y","RL"
9100,1836,1860,2004,2,216837,"CollgCr","1Fam","1Story","Gd","Y","RL"
53504,3279,1650,2003,3,538000,"StoneBr","1Fam","2Story","Ex","Y","RL"
7252,858,858,1982,2,134900,"Sawyer","1Fam","SFoyer","TA","Y","RL"
8877,1220,836,1951,2,102000,"Edwards","1Fam","1Story","TA","Y","RL"
7819,1117,1029,1976,2,107000,"Edwards","1Fam","SLvl","TA","Y","RL"
10150,912,912,1958,1,114500,"NAmes","1Fam","1Story","TA","Y","RL"
14226,1973,1935,2006,3,395000,"NridgHt","1Fam","1Story","Gd","Y","RL"
4500,1204,1204,1998,2,162000,"Mitchel","TwnhsE","1Story","TA","Y","RM"
11210,1614,1614,2005,3,221500,"CollgCr","1Fam","1Story","Gd","Y","RL"
13350,894,864,1974,2,142500,"Sawyer","1Fam","1Story","TA","Y","RL"
8400,2020,0,1977,2,144000,"SawyerW","Duplex","1Story","TA","Y","RH"
10530,1004,975,1977,2,135000,"Mitchel","Duplex","SFoyer","TA","Y","RL"
7875,1253,1237,1995,2,176000,"Gilbert","1Fam","1Story","TA","Y","RL"
7153,1603,761,1992,2,175900,"SawyerW","1Fam","2Story","Gd","Y","RL"
16285,1430,1413,2001,2,187100,"CollgCr","1Fam","1Story","Gd","Y","RL"
9101,1110,1097,1978,2,165500,"Mitchel","1Fam","SFoyer","TA","Y","RL"
6300,1484,742,1914,0,128000,"OldTown","1Fam","2.5Unf","TA","Y","RM"
9790,1342,1372,1967,2,161500,"NWAmes","1Fam","1Story","TA","Y","RL"
10800,1652,686,1915,1,139000,"OldTown","1Fam","1.5Fin","TA","Y","RM"
10142,2084,956,2004,2,233000,"SawyerW","1Fam","2Story","Gd","Y","RL"
6000,901,901,1954,1,107900,"OldTown","1Fam","1Story","TA","Y","RM"
12205,2087,832,1966,2,187500,"ClearCr","1Fam","2Story","TA","Y","RL"
3182,1145,1145,2005,2,160200,"Blmngtn","TwnhsE","1Story","Gd","Y","RL"
11333,1062,1029,1976,2,146800,"Mitchel","1Fam","SLvl","TA","Y","RL"
9920,2013,1117,1996,2,269790,"NoRidge","1Fam","2Story","Gd","Y","RL"
9158,1496,1496,2007,2,225000,"Somerst","1Fam","1Story","Gd","Y","RL"
10832,1895,712,1994,2,194500,"Gilbert","1Fam","2Story","Gd","Y","RL"
8400,1564,650,1980,2,171000,"SawyerW","1Fam","2Story","TA","Y","RL"
8197,1285,660,1977,2,143500,"Sawyer","1Fam","1Story","TA","Y","RL"
7677,773,773,1953,1,110000,"NAmes","1Fam","1Story","TA","Y","RL"
13518,3140,1926,2008,3,485000,"NridgHt","1Fam","2Story","Ex","Y","RL"
7200,1768,731,1937,1,175000,"SWISU","1Fam","1.5Fin","TA","Y","RL"
12798,1688,616,1997,2,200000,"ClearCr","1Fam","2Story","TA","Y","RL"
4800,1196,1196,1916,2,109900,"IDOTRR","1Fam","1Story","TA","Y","RM"
8199,1456,728,2005,2,189000,"CollgCr","1Fam","2Story","Gd","Y","RL"
13891,2822,1734,2008,3,582933,"NridgHt","1Fam","2Story","Ex","Y","RL"
9000,1128,936,1954,1,118000,"NAmes","1Fam","1Story","TA","Y","RL"
12274,1428,1417,2008,2,227680,"Somerst","1Fam","1Story","Gd","Y","RL"
9750,980,980,1967,1,135500,"NAmes","1Fam","SLvl","TA","Y","RL"
21384,1576,1324,1923,2,223500,"BrkSide","1Fam","2Story","TA","Y","RL"
13400,1086,1024,1966,2,159950,"NAmes","1Fam","SLvl","TA","Y","RL"
8100,2138,849,1898,2,106000,"OldTown","1Fam","2.5Unf","TA","N","RM"
10140,1309,1040,1974,2,181000,"NWAmes","1Fam","1Story","TA","Y","RL"
4438,848,848,2004,2,144500,"CollgCr","TwnhsE","1Story","Gd","Y","RM"
8712,1044,540,1952,2,55993,"IDOTRR","1Fam","1Story","Fa","N","C (all)"
9750,1442,1442,1958,1,157900,"NAmes","1Fam","1Story","TA","Y","RL"
8248,1250,686,1918,1,116000,"Edwards","1Fam","1.5Fin","TA","Y","RL"
12137,1661,1649,1998,2,224900,"CollgCr","1Fam","1Story","TA","Y","RL"
11425,1008,1008,1954,1,137000,"NAmes","1Fam","1Story","TA","Y","RL"
13265,1689,1568,2002,3,271000,"Mitchel","1Fam","1Story","Gd","Y","RL"
8816,1052,1010,1971,2,155000,"ClearCr","1Fam","SLvl","TA","Y","RL"
6371,1358,1358,2009,2,224000,"NridgHt","TwnhsE","1Story","Gd","Y","RL"
7226,1640,798,2003,2,183000,"CollgCr","1Fam","2Story","Gd","Y","RL"
6000,936,936,1953,2,93000,"OldTown","2fmCon","1Story","Fa","N","RM"
12394,1733,847,2003,2,225000,"Gilbert","1Fam","2Story","Gd","Y","RL"
9900,1489,778,1940,1,139500,"SWISU","1Fam","1.5Fin","TA","Y","RL"
11216,1489,1489,2006,2,232600,"Somerst","1Fam","1Story","Gd","Y","FV"
14803,2084,2078,2007,3,385000,"NridgHt","1Fam","1Story","Ex","Y","RL"
6130,784,784,1924,0,109500,"BrkSide","1Fam","1.5Unf","TA","Y","RM"
8529,1434,1454,2001,2,189000,"SawyerW","1Fam","1Story","Gd","Y","RL"
28698,2126,1013,1967,2,185000,"ClearCr","1Fam","2Story","TA","Y","RL"
2544,1223,600,2005,2,147400,"Somerst","Twnhs","2Story","Gd","Y","FV"
11900,1392,1392,1957,2,166000,"NAmes","1Fam","1Story","TA","Y","RL"
3180,1200,600,2005,2,151000,"Somerst","TwnhsE","2Story","TA","Y","FV"
9548,1829,941,2003,2,237000,"CollgCr","1Fam","2Story","Gd","Y","RL"
10004,1516,1516,1964,2,167000,"NAmes","1Fam","1Story","TA","Y","RL"
7875,1144,1144,1961,2,139950,"NAmes","1Fam","1Story","TA","Y","RL"
9600,1067,1067,1950,2,128000,"Sawyer","1Fam","1Story","TA","Y","RL"
8100,1559,1559,1948,2,153500,"OldTown","1Fam","1Story","TA","Y","RM"
1680,987,483,1973,1,100000,"BrDale","Twnhs","2Story","TA","Y","RM"
9525,1099,1099,1995,1,144000,"CollgCr","1Fam","1Story","TA","Y","RL"
11767,1200,768,1946,1,130500,"Edwards","1Fam","1.5Fin","TA","Y","RL"
12155,1482,672,1925,1,140000,"SWISU","1Fam","2Story","TA","N","RH"
10440,1539,650,1904,2,157500,"OldTown","1Fam","2Story","TA","Y","RM"
9020,1165,1127,1966,2,174900,"NAmes","1Fam","SLvl","TA","Y","RL"
8000,1800,1800,1961,0,141000,"NAmes","Duplex","1Story","TA","N","RL"
12665,1416,876,1915,3,153900,"OldTown","1Fam","1.5Fin","TA","Y","RM"
16647,1701,1390,1975,2,171000,"Sawyer","1Fam","SFoyer","TA","Y","RL"
9317,1775,740,1993,2,213000,"SawyerW","1Fam","2Story","Gd","Y","RL"
15523,864,864,1972,1,133500,"CollgCr","1Fam","1Story","TA","Y","RL"
45600,2358,907,1908,2,240000,"ClearCr","1Fam","1.5Fin","TA","Y","RL"
9600,1855,528,1976,2,187000,"Veenker","1Fam","SLvl","Gd","Y","RL"
4435,848,848,2003,2,131500,"CollgCr","TwnhsE","1Story","Gd","Y","RM"
3196,1456,1273,2003,2,215000,"Blmngtn","TwnhsE","1Story","Gd","Y","RL"
7128,1646,918,1941,1,164000,"Crawfor","1Fam","2.5Unf","TA","Y","RL"
12095,1445,1127,1964,2,158000,"NAmes","1Fam","SLvl","TA","Y","RL"
17920,1779,1763,1955,2,170000,"Sawyer","1Fam","1Story","TA","Y","RL"
6897,1040,1040,1962,1,127000,"Sawyer","1Fam","1Story","TA","Y","RL"
10970,1026,940,1978,2,147000,"CollgCr","1Fam","SLvl","TA","Y","RL"
8125,1481,702,1994,2,174000,"Gilbert","1Fam","2Story","TA","Y","RL"
10400,1370,1090,1976,2,152000,"NWAmes","1Fam","1Story","TA","Y","RL"
11029,2654,1054,1968,2,250000,"NWAmes","1Fam","2Story","TA","Y","RL"
7642,1426,912,1918,1,189950,"Crawfor","1Fam","1.5Fin","Gd","Y","RL"
11625,1039,1039,1965,2,131500,"Sawyer","2fmCon","1Story","TA","Y","RL"
9672,1097,1040,1984,2,152000,"SawyerW","1Fam","1Story","TA","Y","RL"
7931,1148,1148,1959,1,132500,"NAmes","1Fam","1Story","TA","Y","RL"
8640,1372,1372,2007,2,250580,"Somerst","1Fam","1Story","Gd","Y","FV"
8750,1002,1002,1970,2,148500,"NAmes","1Fam","1Story","TA","Y","RL"
10656,1646,1638,2006,3,248900,"Timber","1Fam","1Story","Gd","Y","RL"
6970,1120,1040,1961,2,129000,"Sawyer","1Fam","1Story","TA","Y","RL"
14762,2320,0,1948,2,169000,"Gilbert","1Fam","2Story","TA","Y","RL"
9938,1949,1050,1993,2,236000,"SawyerW","1Fam","2Story","Gd","Y","RL"
6600,894,894,1962,1,109500,"NAmes","1Fam","1Story","TA","N","RL"
8750,1682,804,1998,2,200500,"CollgCr","1Fam","2Story","TA","Y","RL"
8892,910,105,1953,2,116000,"NAmes","1Fam","1Story","Gd","Y","RL"
12144,1268,832,1949,1,133000,"NAmes","1Fam","1Story","Gd","Y","RL"
5720,1131,676,1941,1,66500,"OldTown","1Fam","1.5Fin","TA","Y","RM"
9000,2610,1184,2007,2,303477,"Somerst","1Fam","2Story","Gd","Y","FV"
25286,1040,1064,1963,2,132250,"Mitchel","1Fam","1Story","TA","Y","RL"
8834,2224,1462,2004,3,350000,"NridgHt","1Fam","2Story","Gd","Y","RL"
11782,1155,1109,1961,2,148000,"Sawyer","1Fam","SFoyer","TA","Y","RL"
7000,864,864,1978,1,136500,"CollgCr","1Fam","1Story","Gd","Y","RL"
7024,1090,1090,2005,2,157000,"Edwards","1Fam","1Story","TA","Y","RL"
13758,1717,1156,1990,2,187500,"Timber","1Fam","1.5Fin","Gd","Y","RL"
9636,1593,808,1992,2,178000,"Gilbert","1Fam","2Story","TA","Y","RL"
6204,2230,795,1912,1,118500,"SWISU","1Fam","2.5Fin","Gd","N","RL"
7150,892,892,1967,1,100000,"NAmes","1Fam","1Story","TA","Y","RL"
5119,1709,1698,1999,2,328900,"Somerst","TwnhsE","1Story","Gd","Y","FV"
8393,1712,1626,1959,2,145000,"NAmes","Duplex","1Story","TA","Y","RL"
16466,1393,816,1955,1,135500,"Edwards","1Fam","1.5Fin","TA","Y","RL"
15865,2217,2217,1970,2,268000,"NAmes","1Fam","1Story","Gd","Y","RL"
12160,1505,1505,1953,2,149500,"NAmes","1Fam","1Story","TA","Y","RL"
8064,924,672,1949,2,122900,"NAmes","1Fam","1.5Fin","TA","Y","RL"
11184,1683,918,1978,2,172500,"Sawyer","1Fam","2Story","TA","Y","RL"
8414,1068,1059,1963,1,154500,"Sawyer","1Fam","1Story","TA","Y","RL"
13284,1383,1383,1954,1,165000,"Sawyer","1Fam","1Story","TA","Y","RL"
7018,1535,0,1979,2,118858,"SawyerW","Duplex","1Story","TA","Y","RL"
7056,1796,780,1963,2,140000,"NAmes","1Fam","2Story","TA","Y","RL"
8765,951,951,1936,1,106500,"IDOTRR","1Fam","1Story","TA","N","RM"
7018,2240,0,1979,2,142953,"SawyerW","Duplex","2Story","TA","Y","RL"
12919,2364,2330,2009,3,611657,"NridgHt","1Fam","1Story","Ex","Y","RL"
6993,1236,912,1961,1,135000,"Sawyer","1Fam","1Story","TA","Y","RL"
7340,858,858,1971,1,110000,"NAmes","1Fam","1Story","TA","Y","RL"
8712,1306,992,1957,1,153000,"NAmes","1Fam","1Story","TA","Y","RL"
7875,1509,783,2003,2,180000,"Gilbert","1Fam","2Story","Gd","Y","RL"
14859,1670,1670,2006,3,240000,"Gilbert","1Fam","1Story","Gd","Y","RL"
6173,902,876,1967,1,125500,"Sawyer","1Fam","1Story","TA","Y","RL"
9920,1063,1056,1954,1,128000,"NAmes","1Fam","1Story","TA","Y","RL"
13501,1636,1623,2006,3,255000,"Somerst","1Fam","1Story","Gd","Y","RL"
11500,2057,1017,1936,1,250000,"Crawfor","1Fam","1.5Fin","Gd","Y","RL"
8885,902,864,1983,2,131000,"Mitchel","1Fam","1Story","TA","Y","RL"
12589,1484,742,2005,2,174000,"Gilbert","1Fam","2Story","Gd","Y","RL"
11600,2274,1105,1960,2,154300,"NAmes","Duplex","2Story","TA","Y","RL"
9286,1268,1268,1977,1,143500,"CollgCr","1Fam","1Story","TA","Y","RL"
6120,1015,768,1925,1,88000,"BrkSide","1Fam","1Story","TA","N","RM"
6270,2002,1001,1949,3,145000,"Crawfor","Duplex","2Story","TA","N","RH"
3000,1224,612,2009,2,173733,"Somerst","TwnhsE","2Story","Gd","Y","FV"
2001,1092,546,1970,1,75000,"MeadowV","Twnhs","2Story","TA","Y","RM"
9000,480,480,1949,1,35311,"IDOTRR","1Fam","1Story","TA","N","C (all)"
17140,1229,1134,1956,1,135000,"Edwards","1Fam","1Story","TA","Y","RL"
13125,2127,1104,1991,3,238000,"SawyerW","1Fam","2Story","Gd","Y","RL"
11029,1414,1184,1958,2,176500,"NAmes","1Fam","1Story","Ex","Y","RL"
8462,1721,928,1994,2,201000,"SawyerW","1Fam","2Story","Gd","Y","RL"
8777,2200,1272,1900,0,145900,"Edwards","Duplex","1.5Fin","TA","Y","RL"
10237,1316,1316,2005,2,169990,"Gilbert","1Fam","1Story","Gd","Y","RL"
8012,1617,1604,1993,2,193000,"SawyerW","TwnhsE","1Story","Gd","Y","RL"
10240,1686,1686,1980,2,207500,"NWAmes","1Fam","1Story","TA","Y","RL"
15611,1126,1126,1977,2,175000,"NWAmes","1Fam","1Story","TA","Y","RL"
11999,2374,1181,2003,3,285000,"NridgHt","1Fam","2Story","Gd","Y","RL"
9900,1978,832,1968,2,176000,"NWAmes","1Fam","2Story","TA","Y","RL"
11838,1788,1753,2001,2,236500,"CollgCr","1Fam","1Story","Gd","Y","RL"
13006,2236,964,1997,2,222000,"Gilbert","1Fam","2Story","TA","Y","RL"
8925,1466,1466,2007,3,201000,"Timber","1Fam","1Story","Gd","Y","RL"
9100,925,925,1965,1,117500,"NAmes","1Fam","1Story","TA","Y","RL"
11670,1905,1905,2006,3,320000,"Somerst","1Fam","1Story","Ex","Y","RL"
8487,1500,1500,2004,2,190000,"CollgCr","1Fam","1Story","Gd","Y","RL"
27650,2069,585,1960,2,242000,"NAmes","1Fam","1Story","TA","Y","RL"
5825,747,600,1926,2,79900,"BrkSide","1Fam","1Story","TA","Y","RL"
10083,1200,1176,2003,2,184900,"SawyerW","1Fam","1Story","Gd","Y","RL"
9675,1971,1113,2005,2,253000,"Somerst","1Fam","2Story","Gd","Y","RL"
8760,1962,1391,2006,3,239799,"CollgCr","1Fam","2Story","Gd","Y","RL"
24090,2403,1032,1940,1,244400,"ClearCr","1Fam","2Story","TA","Y","RL"
12640,1728,1728,1976,2,150900,"Mitchel","Duplex","1Story","TA","Y","RL"
8755,2060,992,1999,2,214000,"Gilbert","1Fam","2Story","Gd","Y","RL"
7711,1440,1440,1977,0,150000,"Edwards","Duplex","1Story","TA","Y","RL"
25000,1632,1632,1967,2,143000,"Mitchel","Duplex","1Story","TA","Y","RL"
14375,1344,819,1958,2,137500,"Timber","1Fam","SLvl","TA","Y","RL"
8820,1869,1088,1890,2,124900,"OldTown","1Fam","1.5Fin","TA","Y","RM"
8163,1144,1144,1959,1,143000,"NAmes","1Fam","SLvl","TA","Y","RL"
14536,1629,1616,2002,3,270000,"Timber","1Fam","1Story","Gd","Y","RL"
14006,1776,936,2002,2,192500,"CollgCr","1Fam","2Story","Gd","Y","RL"
9360,1381,1161,1972,2,197500,"NWAmes","1Fam","1Story","TA","Y","RL"
7200,864,864,1950,2,129000,"NAmes","1Fam","1Story","TA","Y","RL"
7800,965,828,1965,1,119900,"SawyerW","1Fam","1Story","TA","Y","RH"
7200,768,768,1972,1,133900,"CollgCr","1Fam","SFoyer","TA","Y","RL"
11075,1968,784,1969,2,172000,"Mitchel","1Fam","2Story","TA","Y","RL"
9400,980,945,1975,0,127500,"Edwards","Duplex","SFoyer","TA","Y","RL"
7136,1958,979,1946,2,145000,"Crawfor","Duplex","2Story","TA","N","RH"
1300,1229,561,1980,2,124000,"Blueste","TwnhsE","2Story","TA","Y","RM"
7420,1057,1057,1962,2,132000,"Sawyer","1Fam","1Story","TA","Y","RL"
8450,1337,1337,2003,2,185000,"CollgCr","1Fam","1Story","Gd","Y","RL"
2572,1416,696,1999,2,155000,"Somerst","Twnhs","2Story","Gd","Y","FV"
7207,858,858,1958,0,116500,"BrkSide","1Fam","1Story","TA","Y","RL"
12227,2872,1330,1977,2,272000,"NWAmes","1Fam","2Story","TA","Y","RL"
2308,1548,804,1976,2,155000,"NPkVill","TwnhsE","2Story","TA","Y","RL"
11923,1800,1800,2007,2,239000,"CollgCr","1Fam","1Story","Gd","Y","RL"
11316,1894,817,2002,2,214900,"Timber","1Fam","2Story","Gd","Y","RL"
10237,1484,783,2005,2,178900,"Gilbert","1Fam","2Story","Gd","Y","RL"
9600,1308,728,1940,1,160000,"Crawfor","1Fam","1.5Fin","Gd","Y","RL"
7390,1098,1098,1955,1,135000,"NAmes","1Fam","1Story","TA","Y","RL"
5925,968,600,1910,0,37900,"OldTown","1Fam","1.5Fin","TA","N","RM"
10382,1095,588,1958,1,140000,"NAmes","2fmCon","SLvl","TA","Y","RL"
10800,1192,720,1949,0,135000,"NAmes","1Fam","1.5Fin","TA","N","RL"
2268,1626,764,2003,2,173000,"NridgHt","Twnhs","2Story","Gd","Y","RL"
7892,918,918,1979,1,99500,"SawyerW","TwnhsE","1Story","TA","Y","RL"
11639,1428,1428,2007,2,182000,"Somerst","1Fam","1Story","Gd","Y","FV"
11414,2019,728,1910,2,167500,"BrkSide","1Fam","2Story","TA","N","RL"
2651,1382,673,2000,2,165000,"Somerst","Twnhs","2Story","Gd","Y","FV"
5900,869,440,1923,0,85500,"BrkSide","1Fam","1Story","TA","Y","RL"
4274,1241,1241,2006,2,199900,"Somerst","TwnhsE","1Story","Gd","Y","FV"
9450,894,894,1954,2,110000,"Edwards","1Fam","1Story","TA","Y","RL"
8816,1121,1121,1963,2,139000,"Sawyer","1Fam","1Story","TA","Y","RL"
12122,999,944,1961,2,178400,"NAmes","1Fam","SFoyer","Ex","Y","RL"
12203,2612,1225,1998,3,336000,"NoRidge","1Fam","2Story","Gd","Y","RL"
3182,1266,1266,2007,2,159895,"Blmngtn","1Fam","1Story","Gd","Y","RL"
11250,2290,1128,2002,2,255900,"CollgCr","1Fam","2Story","Gd","Y","RL"
10125,1734,0,1977,2,126000,"Mitchel","Duplex","1.5Fin","TA","Y","RL"
10880,1164,1164,1950,1,125000,"Edwards","2fmCon","1Story","TA","N","RL"
5310,1635,485,1910,1,117000,"OldTown","1Fam","1.5Fin","TA","Y","RM"
10159,1940,1930,2009,3,395192,"NridgHt","1Fam","1Story","Ex","Y","RL"
12046,2030,848,1976,2,195000,"NWAmes","1Fam","2Story","TA","Y","RL"
8125,1576,770,2006,2,197000,"Somerst","1Fam","2Story","Gd","Y","FV"
9452,2392,1396,1997,3,348000,"NoRidge","1Fam","2Story","Gd","Y","RL"
17671,1742,916,1882,2,168000,"OldTown","1Fam","2Story","Gd","Y","RM"
9760,1851,822,1964,2,187000,"NAmes","1Fam","2Story","TA","Y","RL"
8846,1500,750,2005,2,173900,"CollgCr","1Fam","2Story","TA","Y","RL"
12456,1718,1700,2006,3,337500,"NridgHt","1Fam","1Story","Ex","Y","RL"
4712,1230,747,1946,1,121600,"BrkSide","1Fam","1.5Fin","TA","Y","RL"
10659,1050,1050,1961,1,136500,"NAmes","1Fam","1Story","TA","Y","RL"
11717,1442,1442,1970,2,185000,"NWAmes","1Fam","1Story","TA","Y","RL"
9786,1077,1007,1922,1,91000,"IDOTRR","1Fam","1Story","TA","N","RM"
6762,1208,1187,2006,2,206000,"CollgCr","1Fam","1Story","Gd","Y","RL"
10206,944,0,1952,2,82000,"Edwards","1Fam","1Story","TA","N","RL"
5400,691,691,1920,1,86000,"OldTown","1Fam","1Story","TA","Y","RL"
11957,1574,1574,2006,3,232000,"Somerst","1Fam","1Story","Gd","Y","RL"
11500,1680,1680,1976,2,136905,"NWAmes","Duplex","1Story","TA","Y","RL"
3182,1504,1346,2005,2,181000,"Blmngtn","TwnhsE","1Story","Gd","Y","RL"
8385,985,985,1977,1,149900,"CollgCr","1Fam","SLvl","Gd","Y","RL"
12155,1657,1657,1970,2,163500,"NAmes","1Fam","1Story","TA","Y","RL"
2217,1092,546,1970,1,88000,"MeadowV","TwnhsE","2Story","TA","Y","RM"
12118,1710,1710,2004,2,240000,"Mitchel","1Fam","1Story","Gd","Y","RL"
6000,1522,1008,1926,0,102000,"SWISU","1Fam","1.5Fin","TA","Y","RL"
21286,1271,720,1948,1,135000,"Sawyer","1Fam","1.5Fin","TA","Y","RL"
9825,1664,0,1965,0,100000,"Edwards","Duplex","1Story","TA","N","RL"
10592,1502,602,1923,1,165000,"Crawfor","1Fam","2Story","TA","Y","RL"
7200,1022,1022,1910,1,85000,"OldTown","1Fam","1Story","TA","N","RM"
11664,1082,1082,1948,1,119200,"NAmes","1Fam","1Story","TA","Y","RL"
8400,1665,810,2001,2,227000,"NWAmes","1Fam","2Story","Gd","Y","RL"
11883,1504,1504,1996,2,203000,"CollgCr","1Fam","1Story","Gd","Y","RL"
5814,1360,1220,1984,2,187500,"StoneBr","TwnhsE","1Story","Gd","Y","RL"
10784,1472,384,1991,2,160000,"Gilbert","1Fam","SLvl","Gd","Y","RL"
3013,1506,1362,2005,2,213490,"Blmngtn","TwnhsE","1Story","Gd","Y","RL"
7024,1132,1132,2005,2,176000,"Edwards","1Fam","1Story","TA","Y","RL"
7406,1220,1199,2006,2,194000,"CollgCr","1Fam","1Story","Gd","Y","RL"
9439,1248,912,1930,1,87000,"OldTown","1Fam","1.5Fin","TA","Y","RM"
3182,1504,1346,2005,2,191000,"Blmngtn","TwnhsE","1Story","Gd","Y","RL"
15498,2898,1565,1976,2,287000,"Timber","1Fam","1Story","Gd","Y","RL"
7700,882,882,1972,2,112500,"CollgCr","1Fam","1Story","TA","Y","RL"
9300,1264,1268,1960,2,167500,"NAmes","1Fam","1Story","TA","Y","RL"
9520,1646,1638,2007,3,293077,"Timber","1Fam","1Story","Gd","Y","RL"
9492,1376,768,1941,1,105000,"NAmes","1Fam","1.5Fin","TA","Y","RL"
1680,1218,672,1972,1,118000,"BrDale","Twnhs","2Story","TA","Y","RM"
7082,1928,686,1916,0,160000,"SWISU","2fmCon","2Story","TA","Y","RH"
15863,3082,824,1920,2,197000,"SWISU","1Fam","2.5Fin","TA","Y","RL"
14541,2520,1338,1993,3,310000,"NoRidge","1Fam","2Story","Gd","Y","RL"
8125,1654,1654,2002,3,230000,"CollgCr","1Fam","1Story","Gd","Y","RL"
6305,954,920,1938,1,119750,"Crawfor","1Fam","1Story","TA","Y","RL"
11500,845,0,1957,1,84000,"Edwards","1Fam","1Story","TA","N","RL"
12898,1620,1620,2007,3,315500,"Timber","1Fam","1Story","Gd","Y","RL"
9240,2263,1055,2001,2,287000,"CollgCr","1Fam","2Story","Gd","Y","RL"
1533,1344,546,1970,0,97000,"MeadowV","Twnhs","2Story","TA","Y","RM"
1477,630,630,1970,1,80000,"MeadowV","TwnhsE","SFoyer","TA","Y","RM"
13125,1803,1134,1957,2,155000,"Sawyer","1Fam","1Story","TA","Y","RL"
9130,1632,800,1966,2,173000,"NWAmes","1Fam","2Story","TA","Y","RL"
5381,1306,1306,2005,2,196000,"NridgHt","Twnhs","1Story","Gd","Y","RL"
11839,2329,1475,1990,2,262280,"SawyerW","1Fam","2Story","TA","Y","RL"
9600,2524,2524,1981,2,278000,"NWAmes","1Fam","1Story","Gd","Y","RL"
13680,1733,0,1955,2,139600,"Edwards","1Fam","1Story","TA","Y","RL"
16056,2868,1992,2005,3,556581,"StoneBr","1Fam","2Story","Gd","Y","RL"
9245,990,990,1994,2,145000,"CollgCr","1Fam","1Story","TA","Y","RL"
21750,1771,0,1960,2,115000,"Mitchel","1Fam","1Story","TA","Y","RL"
11100,930,0,1946,1,84900,"Edwards","1Fam","1Story","TA","Y","RL"
8993,1302,1302,2007,2,176485,"Gilbert","1Fam","1Story","Gd","Y","RL"
11175,1316,1316,2007,2,200141,"CollgCr","1Fam","1Story","Gd","Y","RL"
9500,1977,816,1964,2,165000,"NAmes","1Fam","2Story","TA","Y","RL"
8562,1526,1216,1957,1,144500,"Edwards","1Fam","1Story","TA","Y","RL"
11367,1989,1065,2002,2,255000,"CollgCr","1Fam","2Story","Gd","Y","RL"
11361,1523,1193,1976,2,180000,"NWAmes","1Fam","1Story","TA","Y","RL"
7052,1364,1364,2005,2,185850,"NridgHt","TwnhsE","1Story","Gd","Y","RL"
29959,1850,973,1994,2,248000,"NoRidge","1Fam","2Story","Gd","Y","RL"
11308,2184,1104,2008,3,335000,"NridgHt","1Fam","2Story","Ex","Y","RL"
11275,1991,854,1932,2,220000,"Crawfor","1Fam","1.5Fin","TA","Y","RL"
4920,1338,1338,2001,2,213500,"StoneBr","TwnhsE","1Story","Gd","Y","RL"
18000,894,894,1935,3,81000,"IDOTRR","1Fam","1Story","Fa","Y","C (all)"
13600,2337,662,1900,2,90000,"OldTown","2fmCon","2Story","TA","N","RM"
6000,1103,1103,1925,2,110500,"OldTown","1Fam","1Story","TA","Y","RM"
11000,1154,1154,1966,2,154000,"NAmes","1Fam","1Story","TA","Y","RL"
14000,2260,1306,1996,2,328000,"ClearCr","1Fam","2Story","Gd","Y","RL"
7837,1571,799,1993,2,178000,"Gilbert","1Fam","2Story","Gd","Y","RL"
9760,1611,780,1964,2,167900,"NAmes","1Fam","2Story","TA","Y","RL"
3964,2521,942,1973,2,151400,"MeadowV","TwnhsE","2Story","TA","Y","RM"
9600,893,845,1949,2,135000,"NAmes","1Fam","1.5Unf","TA","Y","RL"
10152,1048,1048,1956,1,135000,"NAmes","1Fam","1Story","TA","Y","RL"
11700,1556,727,1968,2,154000,"NWAmes","1Fam","2Story","TA","Y","RL"
7585,1456,810,1948,1,91500,"Edwards","1Fam","1.5Fin","TA","Y","RL"
7950,1426,690,1977,2,159500,"Edwards","1Fam","2Story","TA","Y","RL"
8556,1240,1240,2006,3,194000,"CollgCr","1Fam","1Story","Gd","Y","RL"
13125,1740,800,1940,1,219500,"Crawfor","1Fam","2Story","TA","Y","RL"
10800,1466,796,1936,2,170000,"OldTown","1Fam","1.5Fin","TA","Y","RL"
15870,1096,1096,1969,1,138800,"NAmes","1Fam","1Story","TA","Y","RL"
4435,848,848,2004,2,155900,"CollgCr","TwnhsE","1Story","Gd","Y","RM"
8775,990,990,1994,1,126000,"CollgCr","1Fam","1Story","TA","Y","RL"
11040,1258,1258,1971,2,145000,"NWAmes","1Fam","1Story","Gd","Y","RL"
7500,1040,1040,1963,1,133000,"Sawyer","1Fam","1Story","TA","Y","RL"
8749,1459,1459,2002,2,192000,"CollgCr","1Fam","1Story","Gd","Y","RL"
8800,1251,1251,1964,1,160000,"NAmes","1Fam","1Story","TA","Y","RL"
13031,1498,691,1995,2,187500,"Gilbert","1Fam","2Story","TA","Y","RL"
9069,996,936,1992,2,147000,"SawyerW","1Fam","SFoyer","TA","Y","RL"
1974,1092,546,1973,1,83500,"MeadowV","TwnhsE","2Story","TA","Y","RM"
10574,1953,1082,2005,3,252000,"Somerst","1Fam","2Story","Gd","Y","FV"
2522,1709,970,2004,2,137500,"Edwards","Twnhs","2Story","Gd","Y","RM"
3316,1247,1247,2005,2,197000,"Somerst","TwnhsE","1Story","Gd","Y","FV"
8544,1040,0,1950,2,92900,"NAmes","Duplex","1Story","TA","N","RL"
2160,1252,600,1999,2,160000,"Somerst","Twnhs","2Story","Gd","Y","FV"
8400,1694,1181,1925,2,136500,"SWISU","1Fam","1.5Fin","TA","Y","RL"
9230,1200,864,1965,2,146000,"NAmes","1Fam","1Story","TA","Y","RL"
5868,936,936,1956,1,129000,"NAmes","1Fam","1Story","TA","Y","RL"
9317,1314,1314,2006,2,176432,"CollgCr","1Fam","1Story","Gd","Y","RL"
6882,1355,684,1914,0,127000,"IDOTRR","1Fam","2Story","TA","Y","RM"
3696,1088,1074,1986,2,170000,"StoneBr","TwnhsE","1Story","Gd","Y","RL"
6000,1324,672,1936,1,128000,"BrkSide","1Fam","1.5Fin","TA","Y","RM"
11880,1601,1271,1978,2,157000,"NWAmes","1Fam","1Story","TA","Y","RL"
8400,438,290,1920,1,60000,"SWISU","1Fam","1Story","TA","N","RL"
9758,950,950,1971,1,119500,"NAmes","1Fam","1Story","TA","Y","RL"
7000,1134,1010,1960,1,135000,"NAmes","1Fam","1Story","TA","Y","RL"
8910,1194,655,1959,2,159500,"NAmes","1Fam","1Story","TA","Y","RL"
2016,1302,630,1970,2,106000,"BrDale","TwnhsE","2Story","TA","Y","RM"
12256,2622,1463,1994,2,325000,"NoRidge","1Fam","2Story","Gd","Y","RL"
10357,1442,910,1990,2,179900,"SawyerW","1Fam","1Story","Gd","Y","RL"
23257,2021,868,2006,2,274725,"Gilbert","1Fam","2Story","Gd","Y","RL"
8063,1690,924,2000,2,181000,"Gilbert","1Fam","2Story","TA","Y","RL"
11362,1836,1836,2004,3,280000,"NridgHt","1Fam","1Story","Gd","Y","RL"
8000,1658,773,1995,2,188000,"Gilbert","1Fam","2Story","TA","Y","RL"
10480,1964,803,1976,2,205000,"NWAmes","1Fam","2Story","TA","Y","RL"
7100,816,816,1957,1,129900,"NAmes","1Fam","1Story","TA","Y","RL"
8923,1008,1008,1953,1,134500,"NAmes","1Fam","1Story","TA","Y","RL"
5400,833,833,1954,1,117000,"OldTown","1Fam","1Story","TA","Y","RL"
12085,1734,1734,2007,3,318000,"NridgHt","1Fam","1Story","Gd","Y","RL"
7750,1419,408,2002,2,184100,"Gilbert","1Fam","SLvl","Gd","Y","RL"
9764,894,894,1967,2,130000,"Sawyer","1Fam","1Story","TA","Y","RL"
13825,1601,533,1958,1,140000,"Sawyer","1Fam","SLvl","TA","Y","RL"
7560,1040,1040,1959,1,133700,"NAmes","1Fam","1Story","TA","Y","RL"
8263,1012,1012,1920,1,118400,"IDOTRR","1Fam","1Story","TA","Y","RM"
10084,1552,1552,2005,3,212900,"CollgCr","1Fam","1Story","Gd","Y","RL"
8926,960,672,1956,1,112000,"Edwards","1Fam","1Story","TA","Y","RL"
9405,698,698,1947,0,118000,"Edwards","1Fam","1Story","TA","Y","RL"
9125,1482,384,1992,2,163900,"Gilbert","1Fam","SLvl","TA","Y","RL"
10434,1005,1005,1955,2,115000,"NAmes","1Fam","1Story","TA","Y","RL"
3684,1555,1373,2007,3,174000,"Blmngtn","TwnhsE","1Story","Gd","Y","RL"
14572,1530,1530,2004,3,259000,"Gilbert","1Fam","1Story","Gd","Y","RL"
11796,1959,847,2004,2,215000,"Gilbert","1Fam","2Story","Gd","Y","RL"
7200,936,936,1980,2,140000,"OldTown","Duplex","SFoyer","TA","Y","RM"
7804,1981,1122,1928,2,135000,"SWISU","1Fam","1.5Fin","TA","Y","RL"
10712,974,974,1991,0,93500,"Mitchel","1Fam","1Story","TA","Y","RL"
9900,2210,1008,1880,1,117500,"OldTown","1Fam","2Story","TA","Y","RM"
9828,2020,1128,1995,2,239500,"SawyerW","1Fam","2Story","Gd","Y","RL"
8773,1600,916,1997,2,169000,"Gilbert","1Fam","2Story","TA","Y","RL"
6180,986,960,1926,1,102000,"BrkSide","1Fam","1Story","TA","N","RM"
9600,1252,1032,1950,1,119000,"NAmes","1Fam","1.5Fin","TA","Y","RL"
6342,1020,780,1875,0,94000,"Sawyer","1Fam","1.5Fin","TA","N","RL"
9819,1567,1567,1977,2,196000,"Mitchel","1Fam","1Story","TA","Y","RL"
8731,1167,915,1920,2,144000,"BrkSide","1Fam","1Story","TA","Y","RL"
7350,952,952,1951,2,139000,"NAmes","1Fam","1Story","TA","Y","RL"
10304,1868,780,1976,2,197500,"NWAmes","1Fam","2Story","TA","Y","RL"
9965,2828,1466,2006,3,424870,"CollgCr","1Fam","2Story","Gd","Y","RL"
9000,1006,1006,1959,0,80000,"Sawyer","1Fam","1Story","TA","Y","RL"
12180,924,672,1941,1,80000,"Edwards","2fmCon","1.5Fin","TA","N","RL"
6240,1576,1042,1928,1,149000,"BrkSide","1Fam","1.5Fin","TA","Y","RM"
11200,1298,1298,1985,2,180000,"SawyerW","1Fam","1Story","Gd","Y","RL"
12000,1564,704,1941,1,174500,"Crawfor","1Fam","2Story","TA","Y","RL"
5700,1111,572,1926,1,116900,"OldTown","1Fam","1.5Fin","TA","Y","RM"
9000,1482,650,1920,2,143000,"OldTown","1Fam","2Story","TA","Y","RM"
8280,932,932,1950,1,124000,"NAmes","1Fam","1Story","TA","Y","RL"
17755,1466,1466,1959,2,149900,"Edwards","1Fam","1Story","TA","Y","RL"
14115,1811,1073,1956,2,230000,"Crawfor","1Fam","1Story","TA","Y","RL"
5890,816,816,1930,1,120500,"IDOTRR","1Fam","1Story","Gd","Y","RM"
13700,1820,864,1965,2,201800,"NAmes","1Fam","2Story","TA","Y","RL"
10768,1437,1437,1976,2,218000,"Veenker","1Fam","1Story","Gd","Y","RL"
9350,1265,1219,1965,2,179900,"NAmes","1Fam","SLvl","TA","Y","RL"
5001,1314,1314,2007,2,230000,"NridgHt","Twnhs","1Story","Gd","Y","RL"
11932,1580,1580,2007,3,235128,"Somerst","1Fam","1Story","Gd","Y","RL"
9120,1876,901,1974,2,185000,"NWAmes","1Fam","2Story","Gd","Y","RL"
2280,1456,855,1978,2,146000,"NPkVill","Twnhs","2Story","TA","Y","RL"
14778,1640,1296,1954,2,224000,"Crawfor","1Fam","1Story","Gd","Y","RL"
8724,894,894,1968,2,129000,"Sawyer","1Fam","1Story","TA","Y","RL"
12900,1258,1198,1969,2,108959,"Sawyer","Duplex","SFoyer","TA","Y","RL"
16157,1432,1360,1978,2,194000,"Veenker","1Fam","SLvl","TA","Y","RL"
9541,1502,1502,2009,2,233170,"NridgHt","1Fam","1Story","Gd","Y","RL"
10475,1694,1694,2008,3,245350,"CollgCr","1Fam","1Story","Gd","Y","RL"
10852,1671,959,2000,2,173000,"Gilbert","1Fam","2Story","TA","Y","RL"
13728,2108,1127,1935,2,235000,"Edwards","1Fam","2Story","TA","Y","RL"
35760,3627,1930,1995,3,625000,"NoRidge","1Fam","2Story","Gd","Y","RL"
9880,1118,1096,1977,1,171000,"Mitchel","1Fam","SLvl","TA","Y","RL"
9120,1261,1261,1958,2,163000,"NAmes","1Fam","1Story","TA","Y","RL"
4017,1250,625,2006,2,171900,"Somerst","TwnhsE","2Story","Gd","Y","FV"
18030,3086,1598,1946,0,200500,"ClearCr","1Fam","1.5Fin","TA","Y","RL"
16560,2345,952,1932,2,239000,"Crawfor","1Fam","2Story","TA","Y","RL"
10678,2872,1683,1992,2,285000,"NoRidge","1Fam","1.5Fin","Gd","Y","RL"
6951,923,876,1984,1,119500,"Mitchel","1Fam","1Story","TA","Y","RL"
3950,1224,818,1926,1,115000,"OldTown","1Fam","1.5Fin","TA","Y","RM"
7681,1343,731,1921,1,154900,"Crawfor","1Fam","1.5Fin","TA","Y","RL"
8335,1124,0,1954,0,93000,"Edwards","1Fam","1Story","TA","Y","RL"
11170,2514,1216,1990,2,250000,"Timber","1Fam","2Story","TA","Y","RL"
5587,1652,1600,2008,2,392500,"Crawfor","TwnhsE","1Story","Ex","Y","RM"
15623,4476,2396,1996,3,745000,"NoRidge","1Fam","2Story","Gd","Y","RL"
10800,1130,1120,1920,2,120000,"OldTown","1Fam","1Story","TA","Y","RL"
35133,1572,1572,1963,3,186700,"Timber","1Fam","1Story","TA","Y","RL"
9738,1221,784,1924,1,104900,"Edwards","1Fam","1.5Fin","TA","Y","RL"
10615,1699,978,1900,2,95000,"OldTown","2fmCon","2Story","TA","Y","RL"
12461,1624,1624,1994,3,262000,"NoRidge","1Fam","1Story","Gd","Y","RL"
8935,1660,831,2002,2,195000,"CollgCr","1Fam","2Story","Gd","Y","RL"
7500,1804,994,1999,2,189000,"Gilbert","1Fam","2Story","TA","Y","RL"
32463,1622,1249,1961,4,168000,"Mitchel","2fmCon","1Story","TA","Y","RL"
2645,1441,776,1999,2,174000,"Somerst","Twnhs","2Story","Gd","Y","FV"
9600,1472,702,1925,1,125000,"OldTown","1Fam","1.5Fin","TA","Y","RM"
4500,1224,1224,1999,2,165000,"Mitchel","TwnhsE","1Story","TA","Y","RM"
9364,1352,663,1969,1,158000,"Sawyer","1Fam","2Story","TA","Y","RL"
8029,1456,728,2005,2,176000,"Gilbert","1Fam","2Story","TA","Y","RL"
14054,1863,879,2006,3,219210,"Gilbert","1Fam","2Story","Gd","Y","RL"
8850,1690,815,1916,1,144000,"OldTown","1Fam","2.5Unf","TA","Y","RM"
9100,1212,1212,2001,2,178000,"CollgCr","1Fam","1Story","Gd","Y","RL"
11235,1382,1051,1963,2,148000,"Sawyer","1Fam","1Story","TA","Y","RL"
9353,864,864,1970,1,116050,"NAmes","1Fam","1Story","TA","Y","RL"
10400,1779,866,1998,2,197900,"CollgCr","1Fam","2Story","TA","Y","RL"
6000,1348,884,1925,1,117000,"BrkSide","1Fam","1.5Fin","TA","Y","RM"
9750,1630,1630,2000,2,213000,"CollgCr","1Fam","1Story","Gd","Y","RL"
10140,1074,1056,1975,2,153500,"NWAmes","1Fam","1Story","TA","Y","RL"
14684,2196,2158,1990,3,271900,"SawyerW","1Fam","1Story","Gd","Y","RL"
8900,1056,1056,1966,1,107000,"SawyerW","1Fam","1Story","TA","Y","RH"
9135,1700,1682,2003,2,200000,"CollgCr","1Fam","1Story","Gd","Y","RL"
7763,1283,931,1962,2,140000,"NAmes","1Fam","1Story","TA","Y","RL"
10182,1660,1660,2006,2,290000,"Somerst","1Fam","1Story","Gd","Y","RL"
11218,1845,1055,1992,2,189000,"SawyerW","1Fam","2Story","Gd","Y","RL"
12134,1752,559,1988,2,164000,"Gilbert","1Fam","1.5Fin","Gd","Y","RL"
9340,672,672,1941,1,113000,"Edwards","1Fam","1Story","TA","Y","RL"
10246,960,648,1965,1,145000,"Sawyer","1Fam","SLvl","TA","Y","RL"
10205,999,925,1962,1,134500,"NAmes","1Fam","SFoyer","TA","Y","RL"
7094,894,894,1966,1,125000,"Sawyer","1Fam","1Story","TA","Y","RL"
8930,1902,0,1978,2,112000,"Sawyer","Duplex","1.5Fin","TA","Y","RM"
8640,1314,1300,2009,2,229456,"Somerst","1Fam","1Story","Gd","Y","FV"
6240,912,0,1947,0,80500,"BrkSide","1Fam","1.5Fin","TA","N","RM"
1680,1218,672,1971,0,91500,"BrDale","Twnhs","2Story","TA","Y","RM"
7800,912,912,1964,1,115000,"NAmes","1Fam","1Story","TA","Y","RL"
8250,1211,952,1968,1,134000,"Sawyer","1Fam","1Story","TA","Y","RL"
10496,1846,1040,1949,1,143000,"NAmes","1Fam","1.5Fin","TA","Y","RL"
10680,2136,2136,1951,2,137900,"NAmes","1Fam","1Story","TA","N","RL"
15384,1490,788,2004,2,184000,"Gilbert","1Fam","2Story","Gd","Y","RL"
10482,1138,588,1958,1,145000,"NAmes","1Fam","SLvl","TA","Y","RL"
14598,1933,894,2007,3,214000,"Somerst","1Fam","2Story","Gd","Y","RL"
8872,912,912,1965,2,147000,"NAmes","1Fam","1Story","TA","Y","RL"
8769,1702,1702,2008,3,367294,"NridgHt","TwnhsE","1Story","Ex","Y","RL"
7910,1507,1075,1960,1,127000,"NAmes","1Fam","SLvl","TA","Y","RL"
18890,2620,1361,1977,2,190000,"Sawyer","Duplex","1.5Fin","TA","Y","RL"
7728,1190,1106,1962,2,132500,"NAmes","Duplex","SLvl","TA","Y","RL"
9842,1224,0,1962,2,101800,"NAmes","Duplex","1Story","TA","Y","RL"
12160,1188,1188,1959,2,142000,"NAmes","1Fam","1Story","TA","Y","RL"
8525,1964,940,1911,0,130000,"SWISU","1Fam","2Story","TA","N","RH"
13132,1784,747,1914,1,138887,"Crawfor","1Fam","2Story","TA","Y","RL"
2628,1626,764,2003,2,175500,"NridgHt","Twnhs","2Story","Gd","Y","RL"
12393,1948,847,2004,2,195000,"CollgCr","1Fam","2Story","Gd","Y","RL"
13072,1141,1141,2005,2,142500,"SawyerW","1Fam","1Story","Gd","Y","RL"
9037,1484,1476,2006,2,265900,"Timber","1Fam","1Story","Gd","Y","RL"
8158,1768,884,2003,2,224900,"CollgCr","1Fam","2Story","Gd","Y","RL"
9849,1689,1689,2007,3,248328,"Somerst","1Fam","1Story","Gd","Y","RL"
10625,1173,1053,1974,2,170000,"NWAmes","1Fam","SFoyer","TA","Y","RL"
13891,2076,2076,2006,3,465000,"NridgHt","1Fam","1Story","Ex","Y","RL"
11435,1517,792,1929,2,230000,"Crawfor","1Fam","2Story","TA","Y","RL"
12090,1868,585,1984,2,178000,"NWAmes","1Fam","SLvl","TA","Y","RL"
8125,1553,756,2005,2,186500,"Somerst","1Fam","2Story","Gd","Y","FV"
12328,1034,1012,1976,3,169900,"Mitchel","1Fam","SLvl","TA","Y","RL"
9600,2058,735,1917,2,129500,"OldTown","1Fam","2.5Unf","TA","N","RM"
7200,988,876,1950,1,119000,"NAmes","1Fam","1Story","TA","Y","RL"
11160,2110,2110,1968,2,244000,"NAmes","1Fam","1Story","Gd","Y","RL"
3136,1405,1405,2003,2,171750,"NridgHt","TwnhsE","1Story","Gd","Y","RL"
9858,874,864,1968,1,130000,"Mitchel","1Fam","1Story","TA","Y","RL"
17542,2167,1192,1974,2,294000,"Veenker","1Fam","2Story","Gd","Y","RL"
6931,1656,746,2003,2,165400,"Edwards","1Fam","2Story","Gd","Y","RL"
6240,1367,884,1931,1,127500,"BrkSide","1Fam","1.5Fin","TA","Y","RM"
14303,1987,1986,1994,2,301500,"NoRidge","1Fam","1Story","Gd","Y","RL"
4060,864,864,1922,0,99900,"Edwards","1Fam","1Story","TA","Y","RL"
9587,1166,856,2005,2,190000,"Gilbert","1Fam","SLvl","Gd","Y","RL"
9750,1054,1054,1969,2,151000,"NAmes","1Fam","1Story","TA","Y","RL"
24682,1675,841,1999,2,181000,"Gilbert","1Fam","2Story","TA","Y","RL"
9600,1050,1050,1956,1,128900,"NAmes","1Fam","1Story","TA","Y","RL"
11250,1788,1104,1957,1,161500,"ClearCr","1Fam","1.5Fin","TA","Y","RL"
13515,1824,764,1919,2,180500,"BrkSide","1Fam","2Story","TA","Y","RL"
4060,1337,1405,1998,2,181000,"NAmes","TwnhsE","1Story","Gd","Y","RH"
3735,1452,691,1999,2,183900,"Somerst","TwnhsE","2Story","Gd","Y","FV"
10120,1889,925,1910,1,122000,"OldTown","2fmCon","2.5Unf","Fa","N","RM"
13214,2018,2002,2008,3,378500,"Timber","1Fam","1Story","Ex","Y","RL"
14100,3447,728,1935,3,381000,"Crawfor","1Fam","1.5Fin","TA","Y","RL"
11344,1524,874,1958,1,144000,"NAmes","1Fam","1.5Fin","TA","Y","RL"
23595,1524,1332,1979,2,260000,"ClearCr","1Fam","1Story","Gd","Y","RL"
9156,1489,1489,1968,2,185750,"NWAmes","1Fam","1Story","TA","Y","RL"
13526,935,935,1965,1,137000,"Sawyer","1Fam","1Story","TA","Y","RL"
11512,1357,1019,1959,1,177000,"Edwards","1Fam","SLvl","TA","Y","RL"
5362,1250,661,1910,2,139000,"Crawfor","1Fam","1.5Fin","TA","Y","RL"
11345,1920,928,1948,2,137000,"NAmes","Duplex","2Story","TA","Y","RL"
12936,1395,723,1972,2,162000,"NWAmes","1Fam","2Story","TA","Y","RL"
17871,1724,1680,1967,2,197900,"NWAmes","1Fam","SLvl","TA","Y","RL"
9473,2031,1128,2002,2,237000,"CollgCr","1Fam","2Story","Gd","Y","RL"
7500,1128,698,1920,2,68400,"IDOTRR","1Fam","1.5Fin","TA","Y","C (all)"
9808,1573,1573,2002,2,227000,"CollgCr","1Fam","1Story","Gd","Y","RL"
8049,1339,1309,1990,2,180000,"Timber","1Fam","1Story","TA","Y","RL"
8800,1040,1040,1977,2,150500,"CollgCr","1Fam","1Story","TA","Y","RL"
9400,1824,912,1971,0,139000,"Mitchel","Duplex","2Story","TA","Y","RL"
9638,2447,804,1919,1,169000,"SWISU","1Fam","1.5Fin","TA","Y","RL"
6000,1412,780,1939,1,132500,"BrkSide","1Fam","1.5Fin","TA","Y","RM"
9790,1328,1328,1963,2,143000,"NWAmes","1Fam","1Story","TA","Y","RL"
36500,1582,1624,1964,2,190000,"ClearCr","1Fam","1Story","TA","Y","RL"
5664,1659,1501,2000,2,278000,"StoneBr","TwnhsE","1Story","Gd","Y","RL"
11065,1970,1085,2006,3,281000,"NridgHt","1Fam","2Story","Gd","Y","RL"
14112,1152,1152,1964,2,180500,"NAmes","1Fam","SLvl","TA","Y","RL"
1680,1302,630,1972,1,119500,"BrDale","Twnhs","2Story","TA","Y","RM"
6600,2372,994,1892,1,107500,"OldTown","1Fam","2Story","TA","N","RM"
10140,1664,832,1976,2,162900,"NWAmes","1Fam","2Story","TA","Y","RL"
8172,864,864,1955,2,115000,"Edwards","1Fam","1Story","TA","Y","RL"
8400,1052,1052,1968,1,138500,"NAmes","1Fam","1Story","TA","Y","RL"
8700,1128,1120,1963,2,155000,"NAmes","1Fam","1Story","TA","Y","RL"
3675,1072,547,2005,2,140000,"Edwards","TwnhsE","SFoyer","TA","Y","RM"
63887,5642,6110,2008,2,160000,"Edwards","1Fam","2Story","Ex","Y","RL"
7500,1246,1246,1959,1,154000,"NAmes","1Fam","1Story","TA","Y","RL"
10762,1983,978,1999,2,225000,"Gilbert","1Fam","2Story","Gd","Y","RL"
7500,1494,771,1942,1,177500,"Crawfor","1Fam","2Story","TA","Y","RL"
10120,2526,1165,1994,3,290000,"NoRidge","1Fam","2Story","Gd","Y","RL"
8688,1616,1616,2005,3,232000,"Somerst","1Fam","1Story","Gd","Y","RL"
3363,1708,976,2004,2,130000,"Edwards","TwnhsE","2Story","Gd","Y","RM"
13173,1652,1652,2006,2,325000,"NridgHt","1Fam","1Story","Gd","Y","RL"
6955,1368,1368,2005,2,202500,"NridgHt","TwnhsE","1Story","Gd","Y","RL"
8072,990,990,1994,2,138000,"CollgCr","1Fam","1Story","TA","Y","RL"
12000,1122,924,1948,2,147000,"OldTown","1Fam","1Story","TA","Y","RM"
7153,1294,1278,1991,2,179200,"SawyerW","1Fam","1Story","TA","Y","RL"
17500,1902,1902,1959,2,335000,"Crawfor","1Fam","1Story","Gd","Y","RL"
8814,1274,1274,2005,2,203000,"CollgCr","1Fam","1Story","Gd","Y","RL"
9572,2810,1453,1990,2,302000,"NoRidge","1Fam","2Story","Gd","Y","RL"
14774,2599,1393,1999,3,333168,"NoRidge","1Fam","2Story","Gd","Y","RL"
8190,948,948,1954,1,119000,"Edwards","1Fam","1Story","TA","Y","RL"
11075,2112,952,1969,2,206900,"NAmes","1Fam","2Story","TA","Y","RL"
10226,1630,1622,2008,3,295493,"CollgCr","1Fam","1Story","Gd","Y","RL"
4230,1352,1352,2006,2,208900,"Somerst","TwnhsE","1Story","Gd","Y","FV"
14781,1787,1753,2001,3,275000,"CollgCr","1Fam","1Story","Gd","Y","RL"
10215,948,864,1954,1,111000,"Edwards","1Fam","1Story","TA","Y","RL"
8400,1478,1478,1957,2,156500,"NAmes","1Fam","1Story","TA","Y","RL"
6627,720,0,1949,1,72500,"BrkSide","1Fam","1Story","TA","N","RL"
10186,1923,750,1992,2,190000,"NoRidge","1Fam","2Story","Gd","Y","RL"
5330,708,420,1940,0,82500,"BrkSide","1Fam","1Story","Fa","Y","RL"
9986,1795,1795,2006,3,147000,"Somerst","1Fam","1Story","Gd","Y","RL"
3636,796,796,1922,0,55000,"IDOTRR","1Fam","1Story","TA","N","RM"
4270,774,544,1931,0,79000,"Edwards","1Fam","1Story","TA","Y","RH"
6600,816,816,1982,1,130500,"Mitchel","1Fam","1Story","Gd","Y","RL"
10440,2792,1510,1920,2,256000,"OldTown","1Fam","1.5Fin","Gd","Y","RM"
9084,1632,935,1998,2,176500,"Gilbert","1Fam","2Story","TA","Y","RL"
10000,1588,1588,2006,3,227000,"Somerst","1Fam","1Story","Gd","Y","RL"
10780,954,911,1976,2,132500,"CollgCr","1Fam","SLvl","TA","Y","RL"
8877,816,816,1938,1,100000,"Edwards","1Fam","1Story","TA","Y","RL"
7200,1360,803,1938,1,125500,"IDOTRR","1Fam","1.5Fin","TA","Y","RM"
2368,1365,765,1970,2,125000,"BrDale","TwnhsE","2Story","TA","Y","RM"
9650,1334,1350,1977,2,167900,"NWAmes","1Fam","1Story","TA","Y","RL"
9246,1656,1656,1973,2,135000,"NWAmes","Duplex","1Story","TA","Y","RL"
4118,693,693,1941,0,52500,"OldTown","1Fam","1Story","TA","N","RM"
13450,1861,916,2002,2,200000,"CollgCr","1Fam","2Story","Gd","Y","RL"
9560,864,864,1972,1,128500,"CollgCr","1Fam","1Story","TA","Y","RL"
8294,872,858,1971,4,123000,"NAmes","1Fam","1Story","TA","Y","RL"
13695,1114,1114,2003,2,155000,"SawyerW","1Fam","1Story","TA","Y","RL"
9375,2169,1284,2002,2,228500,"CollgCr","1Fam","2Story","Gd","Y","RL"
7558,1913,896,1928,2,177000,"Crawfor","1Fam","1.5Fin","TA","Y","RL"
11103,1456,728,2006,2,155835,"CollgCr","1Fam","2Story","Gd","Y","RL"
6000,960,960,1920,1,108500,"OldTown","1Fam","1Story","TA","Y","RM"
20781,2156,1568,1968,2,262500,"NWAmes","1Fam","1Story","TA","Y","RL"
15306,1776,1732,2006,3,283463,"Timber","1Fam","1Story","Gd","Y","RL"
16196,1494,1482,1998,2,215000,"SawyerW","1Fam","1Story","Gd","Y","RL"
5250,2358,684,1872,0,122000,"OldTown","1Fam","2Story","TA","N","RM"
11643,2634,1248,1969,4,200000,"NAmes","Duplex","2Story","TA","Y","RL"
9247,1716,858,1962,2,171000,"NAmes","1Fam","2Story","TA","Y","RL"
6000,1176,698,1937,2,134900,"BrkSide","1Fam","1.5Fin","Gd","Y","RM"
14720,3238,2033,1995,3,410000,"NoRidge","1Fam","1.5Fin","Gd","Y","RL"
10316,1865,992,2000,3,235000,"CollgCr","1Fam","2Story","Gd","Y","RL"
10192,1920,570,1968,2,170000,"NWAmes","1Fam","SLvl","TA","Y","RL"
9477,892,864,1966,1,110000,"NAmes","1Fam","1Story","TA","Y","RL"
12537,1078,1078,1971,2,149900,"NAmes","1Fam","1Story","TA","Y","RL"
2117,1573,756,2000,2,177500,"Somerst","Twnhs","2Story","Gd","Y","FV"
16737,1980,1980,2004,3,315000,"NridgHt","1Fam","1Story","Gd","Y","RL"
9842,2601,612,1921,2,189000,"SWISU","1Fam","2Story","TA","Y","RL"
16158,1530,1530,2005,2,260000,"StoneBr","1Fam","1Story","Gd","Y","RL"
12513,1738,715,1920,1,104900,"NAmes","1Fam","1.5Fin","TA","Y","RL"
8499,1412,616,2006,2,156932,"Gilbert","1Fam","2Story","TA","Y","RL"
3180,1200,600,2005,2,144152,"Somerst","TwnhsE","2Story","Gd","Y","FV"
7500,1674,814,2000,2,216000,"Somerst","1Fam","2Story","Gd","Y","FV"
9179,1790,873,1999,2,193000,"CollgCr","1Fam","2Story","Gd","Y","RL"
2665,1475,757,1977,1,127000,"MeadowV","TwnhsE","2Story","TA","Y","RM"
4435,848,848,2003,2,144000,"CollgCr","TwnhsE","1Story","Gd","Y","RM"
10635,1668,1657,2003,2,232000,"CollgCr","1Fam","1Story","Gd","Y","RL"
5400,1374,840,1920,1,105000,"OldTown","1Fam","1.5Fin","Fa","Y","RL"
9600,1661,992,1955,1,165500,"NAmes","1Fam","SLvl","TA","Y","RL"
9750,2097,1108,1998,2,274300,"CollgCr","1Fam","2Story","TA","Y","RL"
11400,2633,2633,2001,3,466500,"NoRidge","1Fam","1Story","Ex","Y","RL"
10625,1958,1026,2005,3,250000,"Somerst","1Fam","2Story","Gd","Y","FV"
10991,1571,1571,2007,3,239000,"Timber","1Fam","1Story","Gd","Y","RL"
6292,790,768,1930,1,91000,"SWISU","1Fam","1Story","TA","N","RL"
10998,1604,984,1941,2,117000,"Edwards","1Fam","1.5Fin","TA","Y","RL"
1953,987,483,1973,1,83000,"BrDale","Twnhs","2Story","TA","Y","RM"
9735,1394,384,2006,2,167500,"Timber","1Fam","SLvl","TA","Y","RL"
8212,864,864,1914,1,58500,"Edwards","1Fam","1Story","TA","N","RL"
12925,2117,1205,1970,2,237500,"NAmes","1Fam","1Story","TA","Y","RL"
7200,1762,596,1920,2,157000,"OldTown","1Fam","2Story","TA","Y","RM"
25339,1416,816,1918,2,112000,"Sawyer","1Fam","1Story","TA","Y","RL"
9060,1258,560,1939,1,105000,"Edwards","1Fam","1.5Fin","TA","Y","RL"
5436,1154,796,1922,1,125500,"IDOTRR","1Fam","1.5Fin","TA","Y","RM"
16692,2784,1392,1978,2,250000,"NWAmes","1Fam","2Story","TA","Y","RL"
8520,2526,714,1916,1,136000,"OldTown","1Fam","1.5Fin","TA","N","RM"
14892,1746,1746,2006,3,377500,"Gilbert","1Fam","1Story","Ex","Y","RL"
6000,1218,735,1941,2,131000,"BrkSide","1Fam","1.5Fin","TA","Y","RM"
9100,1525,1525,2000,2,235000,"CollgCr","1Fam","1Story","Gd","Y","RL"
8944,1584,1584,1967,3,124000,"NAmes","Duplex","1Story","TA","Y","RL"
7838,900,864,1967,1,123000,"NAmes","1Fam","SFoyer","TA","Y","RL"
10800,1912,482,1905,2,163000,"OldTown","2fmCon","1.5Fin","TA","N","RM"
4045,1500,1356,2006,3,246578,"Blmngtn","TwnhsE","1Story","Gd","Y","RL"
12665,2482,1094,2005,3,281213,"Timber","1Fam","2Story","Gd","Y","RL"
57200,1687,747,1948,2,160000,"Timber","1Fam","1Story","TA","Y","RL"
6120,1513,939,1920,1,137500,"BrkSide","1Fam","2Story","TA","Y","RM"
7200,1904,1208,1950,1,138000,"NAmes","1Fam","1.5Fin","TA","Y","RL"
6171,1608,976,1925,1,137450,"SWISU","1Fam","1.5Fin","TA","Y","RL"
6000,1158,862,1929,1,120000,"BrkSide","1Fam","1.5Fin","TA","Y","RM"
7415,1593,839,2004,2,193000,"Gilbert","1Fam","2Story","TA","Y","RL"
6762,1294,1286,2006,2,193879,"CollgCr","1Fam","1Story","Gd","Y","RL"
15256,1464,1485,2007,3,282922,"Somerst","1Fam","1Story","Gd","Y","RL"
10410,1214,672,1915,3,105000,"OldTown","1Fam","1.5Fin","TA","Y","RL"
3842,1646,1594,2004,2,275000,"Crawfor","TwnhsE","1Story","Gd","Y","RM"
8445,768,768,1972,2,133000,"CollgCr","1Fam","SFoyer","TA","Y","RL"
8780,833,833,1985,0,112000,"Mitchel","1Fam","1Story","TA","Y","RL"
7740,1363,622,1910,2,125500,"OldTown","1Fam","2Story","TA","Y","RM"
20544,2093,791,1986,2,215000,"NWAmes","1Fam","2Story","TA","Y","RL"
12420,1840,944,2001,2,230000,"CollgCr","1Fam","2Story","Gd","Y","RL"
9600,1668,856,1950,1,140000,"NAmes","1Fam","1.5Fin","TA","Y","RL"
7200,1040,0,1949,2,90000,"NAmes","Duplex","1Story","TA","N","RL"
10994,1844,1844,2005,2,257000,"SawyerW","1Fam","1Story","Gd","Y","RL"
13053,1848,833,1923,2,207000,"BrkSide","1Fam","1.5Fin","TA","Y","RL"
3635,1569,1386,2007,3,175900,"Blmngtn","TwnhsE","1Story","Gd","Y","RL"
11340,2290,777,1885,2,122500,"OldTown","2fmCon","2Story","TA","Y","RM"
16545,2450,1284,1998,3,340000,"NoRidge","1Fam","2Story","Gd","Y","RL"
9204,1144,1144,1963,1,124000,"NAmes","1Fam","1Story","TA","Y","RL"
16381,1844,1844,1969,2,223000,"Crawfor","1Fam","1Story","Gd","Y","RL"
11700,1416,708,1968,2,179900,"NWAmes","1Fam","2Story","TA","Y","RL"
4043,1069,1069,1977,2,127500,"NPkVill","TwnhsE","1Story","TA","Y","RL"
4435,848,848,2003,2,136500,"CollgCr","TwnhsE","1Story","Gd","Y","RM"
19690,2201,697,1966,2,274970,"Edwards","1Fam","SLvl","Gd","Y","RL"
9503,1344,1024,1958,1,144000,"NAmes","1Fam","1Story","TA","Y","RL"
10721,1252,1252,1959,2,142000,"NAmes","1Fam","1Story","Gd","Y","RL"
10944,2127,1223,1994,2,271000,"NoRidge","1Fam","2Story","Gd","Y","RL"
10930,1558,913,1945,1,140000,"NAmes","1Fam","1.5Fin","TA","Y","RL"
7200,804,788,1940,1,119000,"OldTown","1Fam","1Story","TA","Y","RM"
12546,1440,1440,1981,2,182900,"NWAmes","1Fam","1Story","Gd","Y","RL"
21930,1838,732,2005,2,192140,"Gilbert","1Fam","2Story","Gd","Y","RL"
4928,958,958,1976,2,143750,"NPkVill","TwnhsE","1Story","TA","Y","RL"
10800,968,656,1927,1,64500,"OldTown","1Fam","1Story","TA","Y","RL"
10261,1792,936,2000,2,186500,"Gilbert","1Fam","2Story","TA","Y","RL"
17400,1126,1126,1977,2,160000,"Mitchel","1Fam","1Story","TA","Y","RL"
8400,1537,1319,1962,2,174000,"NAmes","1Fam","1Story","Gd","Y","RL"
9000,864,864,1971,2,120500,"NAmes","1Fam","1Story","TA","Y","RL"
12444,1932,1932,2008,3,394617,"NridgHt","1Fam","1Story","Ex","Y","RL"
7407,1236,912,1957,2,149700,"OldTown","1Fam","1Story","TA","Y","RM"
11584,1725,539,1979,2,197000,"NWAmes","1Fam","SLvl","TA","Y","RL"
11526,2555,588,1922,2,191000,"Crawfor","1Fam","2.5Fin","TA","Y","RL"
4426,848,848,2004,2,149300,"CollgCr","TwnhsE","1Story","Gd","Y","RM"
11003,2007,1017,2008,3,310000,"Somerst","1Fam","2Story","Ex","Y","FV"
8854,952,952,1916,1,121000,"BrkSide","1Fam","1.5Unf","TA","N","RL"
8500,1422,1422,2004,2,179600,"CollgCr","1Fam","1Story","Gd","Y","RL"
8400,913,814,1966,1,129000,"Sawyer","1Fam","SFoyer","TA","Y","RL"
26142,1188,1188,1962,1,157900,"Mitchel","1Fam","1Story","TA","Y","RL"
10000,2090,1220,1995,2,240000,"CollgCr","1Fam","2Story","Gd","Y","RL"
11767,1346,560,1910,1,112000,"Edwards","1Fam","2Story","TA","N","RL"
1533,630,630,1970,0,92000,"MeadowV","Twnhs","SFoyer","TA","Y","RM"
9000,1792,896,1974,0,136000,"NAmes","Duplex","2Story","TA","Y","RL"
9262,1578,1573,2008,3,287090,"Somerst","1Fam","1Story","Gd","Y","RL"
3675,1072,547,2005,2,145000,"Edwards","TwnhsE","SLvl","TA","Y","RM"
17217,1140,1140,2006,0,84500,"Mitchel","1Fam","1Story","TA","Y","RL"
7500,1221,1221,2004,2,185000,"Somerst","1Fam","1Story","Gd","Y","FV"
7917,1647,953,1999,2,175000,"Gilbert","1Fam","2Story","TA","Y","RL"
13175,2073,1542,1978,2,210000,"NWAmes","1Fam","1Story","TA","Y","RL"
9042,2340,1152,1941,1,266500,"Crawfor","1Fam","2Story","Ex","Y","RL"
9717,1078,1078,1950,1,142125,"NAmes","1Fam","1Story","TA","Y","RL"
9937,1256,1256,1965,1,147500,"Edwards","1Fam","1Story","Gd","Y","RL"
